<?xml version = '1.0' encoding = 'UTF-8'?>
<Relation class="oracle.dbtools.crest.model.design.logical.Relation" name="Relation_3" directorySegmentName="seg_0" id="2D8DE255-F732-E66B-BD3D-D1F0351C0CF7">
<createdBy>dragu</createdBy>
<createdTime>2026-02-09 23:35:17 UTC</createdTime>
<ownerDesignName>s5_roberto_sandoval</ownerDesignName>
<importedID>55F7E49C-6FB7-5C31-E921-D9C73A461885</importedID>
<engineerTo>
<item key="D7CB63A9-3F32-A980-C58F-7B534D6B4EED" value="true"/>
<item key="46A69366-4F76-E656-EE30-8181757E9797" value="true"/>
</engineerTo>
<sourcePk>27591FBB-02BF-A9CA-EA6C-53E103359E08</sourcePk>
<identifying>false</identifying>
<optionalSource>false</optionalSource>
<optionalTarget>true</optionalTarget>
<sourceCardinality>1</sourceCardinality>
<sourceEntity>3EAC997B-1A44-7B22-C1D1-034C2088EC84</sourceEntity>
<targetCardinalityString>*</targetCardinalityString>
<targetEntity>1B5AF054-9DCA-AEC8-0BA1-5F505C3D52EB</targetEntity>
<transferable>true</transferable>
<deleteRule>NO ACTION</deleteRule>
</Relation>