<?xml version = '1.0' encoding = 'UTF-8'?>
<Relation class="oracle.dbtools.crest.model.design.logical.Relation" name="Relation_12" directorySegmentName="seg_0" id="34107DEE-D380-CF47-D5E7-A53FEBD66E7F">
<createdBy>dragu</createdBy>
<createdTime>2026-02-09 23:35:17 UTC</createdTime>
<ownerDesignName>s5_roberto_sandoval</ownerDesignName>
<importedID>5BE03140-C958-4A3B-8DC8-F1905B6D94BA</importedID>
<engineerTo>
<item key="D7CB63A9-3F32-A980-C58F-7B534D6B4EED" value="true"/>
<item key="46A69366-4F76-E656-EE30-8181757E9797" value="true"/>
</engineerTo>
<sourceTransferable>false</sourceTransferable>
<targetTransferable>false</targetTransferable>
<sourcePk>5640B7F8-52D2-5BCB-3CB9-3C26A4052243</sourcePk>
<identifying>false</identifying>
<optionalSource>false</optionalSource>
<optionalTarget>false</optionalTarget>
<sourceCardinality>1</sourceCardinality>
<sourceEntity>AA441E29-A39C-2D28-29C8-CF286DFBD7D9</sourceEntity>
<targetCardinalityString>*</targetCardinalityString>
<targetEntity>A13272E2-81DE-3D01-BAD9-A08178FFAC9C</targetEntity>
<transferable>true</transferable>
<deleteRule>NO ACTION</deleteRule>
</Relation>