<?xml version = '1.0' encoding = 'UTF-8'?>
<Relation class="oracle.dbtools.crest.model.design.logical.Relation" name="Relation_10" directorySegmentName="seg_0" id="688DF515-9E69-C133-CAE5-CD8DD09607CD">
<createdBy>dragu</createdBy>
<createdTime>2026-02-09 23:35:17 UTC</createdTime>
<ownerDesignName>s5_roberto_sandoval</ownerDesignName>
<importedID>C63BC50E-1A0B-5399-511E-14F9FD1CD221</importedID>
<engineerTo>
<item key="D7CB63A9-3F32-A980-C58F-7B534D6B4EED" value="true"/>
<item key="46A69366-4F76-E656-EE30-8181757E9797" value="true"/>
</engineerTo>
<sourcePk>5ABE5168-EE11-CD54-2AE5-F09AF81DE939</sourcePk>
<identifying>false</identifying>
<optionalSource>true</optionalSource>
<optionalTarget>true</optionalTarget>
<sourceCardinality>1</sourceCardinality>
<sourceEntity>068EEF6E-1C18-0BDB-C9F6-21A915F55649</sourceEntity>
<targetCardinalityString>*</targetCardinalityString>
<targetEntity>E8E007FF-A9C7-7C9D-5234-25DD1E90C8A0</targetEntity>
<transferable>true</transferable>
<deleteRule>NO ACTION</deleteRule>
</Relation>