<?xml version = '1.0' encoding = 'UTF-8'?>
<Relation class="oracle.dbtools.crest.model.design.logical.Relation" name="Relation_1" directorySegmentName="seg_0" id="7DBCE38C-ED6B-5576-6A03-F9C54F62F1E1">
<createdBy>dragu</createdBy>
<createdTime>2026-02-09 23:35:17 UTC</createdTime>
<ownerDesignName>s5_roberto_sandoval</ownerDesignName>
<importedID>7358010B-32FC-4A5A-ACE4-F0F0C224316D</importedID>
<engineerTo>
<item key="D7CB63A9-3F32-A980-C58F-7B534D6B4EED" value="true"/>
<item key="46A69366-4F76-E656-EE30-8181757E9797" value="true"/>
</engineerTo>
<sourcePk>B964149F-10D9-4EE1-B356-9D9BA2D37ECC</sourcePk>
<identifying>false</identifying>
<optionalSource>false</optionalSource>
<optionalTarget>true</optionalTarget>
<sourceCardinality>1</sourceCardinality>
<sourceEntity>F2BAC0FC-6987-8BE0-E280-05EF0BA8681E</sourceEntity>
<targetCardinalityString>*</targetCardinalityString>
<targetEntity>1627BA5F-1EEF-4D90-28E7-28A7C0E9B9EF</targetEntity>
<transferable>true</transferable>
<deleteRule>NO ACTION</deleteRule>
</Relation>