<?xml version = '1.0' encoding = 'UTF-8'?>
<Relation class="oracle.dbtools.crest.model.design.logical.Relation" name="Relation_13" directorySegmentName="seg_0" id="9586F1F8-B5BC-0A8F-81BE-E55DAEF26E2B">
<createdBy>dragu</createdBy>
<createdTime>2026-02-09 23:35:17 UTC</createdTime>
<ownerDesignName>s5_roberto_sandoval</ownerDesignName>
<importedID>51376888-F6C6-5141-62BA-DAB861383CEE</importedID>
<engineerTo>
<item key="D7CB63A9-3F32-A980-C58F-7B534D6B4EED" value="true"/>
<item key="46A69366-4F76-E656-EE30-8181757E9797" value="true"/>
</engineerTo>
<sourceTransferable>false</sourceTransferable>
<targetTransferable>false</targetTransferable>
<sourcePk>156BB6EB-E884-D3D7-FD2A-888BD6785F91</sourcePk>
<identifying>false</identifying>
<optionalSource>false</optionalSource>
<optionalTarget>false</optionalTarget>
<sourceCardinality>1</sourceCardinality>
<sourceEntity>9A20E715-7690-FB7B-ADB0-EE950EF953F3</sourceEntity>
<targetCardinalityString>*</targetCardinalityString>
<targetEntity>A13272E2-81DE-3D01-BAD9-A08178FFAC9C</targetEntity>
<transferable>true</transferable>
<deleteRule>NO ACTION</deleteRule>
</Relation>