<?xml version = '1.0' encoding = 'UTF-8'?>
<Relation class="oracle.dbtools.crest.model.design.logical.Relation" name="Relation_4" directorySegmentName="seg_0" id="B7233889-F61C-D338-1E73-55217D734303">
<createdBy>dragu</createdBy>
<createdTime>2026-02-09 23:35:17 UTC</createdTime>
<ownerDesignName>s5_roberto_sandoval</ownerDesignName>
<importedID>2EDFAAB9-51DF-5403-DCB8-8D74129CC8EC</importedID>
<engineerTo>
<item key="D7CB63A9-3F32-A980-C58F-7B534D6B4EED" value="true"/>
<item key="46A69366-4F76-E656-EE30-8181757E9797" value="true"/>
</engineerTo>
<sourcePk>D1815137-5441-77D6-9FA4-BE1930497EA7</sourcePk>
<identifying>false</identifying>
<optionalSource>false</optionalSource>
<optionalTarget>false</optionalTarget>
<sourceCardinality>1</sourceCardinality>
<sourceEntity>ECC16985-9244-EC4A-799D-5A27B14FA931</sourceEntity>
<targetCardinalityString>*</targetCardinalityString>
<targetEntity>E8E007FF-A9C7-7C9D-5234-25DD1E90C8A0</targetEntity>
<transferable>true</transferable>
<deleteRule>NO ACTION</deleteRule>
</Relation>