<?xml version = '1.0' encoding = 'UTF-8'?>
<Relation class="oracle.dbtools.crest.model.design.logical.Relation" name="Relation_9" directorySegmentName="seg_0" id="CFE246F2-52CC-6D32-AF2D-DE98403485B0">
<createdBy>dragu</createdBy>
<createdTime>2026-02-09 23:35:17 UTC</createdTime>
<ownerDesignName>s5_roberto_sandoval</ownerDesignName>
<importedID>E19A265E-0709-F104-7AF3-58AEFC37FB12</importedID>
<engineerTo>
<item key="D7CB63A9-3F32-A980-C58F-7B534D6B4EED" value="true"/>
<item key="46A69366-4F76-E656-EE30-8181757E9797" value="true"/>
</engineerTo>
<sourcePk>39037E29-4932-F380-21AF-59392801BBCD</sourcePk>
<identifying>false</identifying>
<nameOnSource>Puede tener</nameOnSource>
<nameOnTarget>Varias</nameOnTarget>
<optionalSource>true</optionalSource>
<optionalTarget>false</optionalTarget>
<sourceCardinality>1</sourceCardinality>
<sourceEntity>5713E35D-C978-9414-B469-FD8287569530</sourceEntity>
<targetCardinalityString>*</targetCardinalityString>
<targetEntity>068EEF6E-1C18-0BDB-C9F6-21A915F55649</targetEntity>
<transferable>true</transferable>
<deleteRule>NO ACTION</deleteRule>
</Relation>