<?xml version = '1.0' encoding = 'UTF-8'?>
<Relation class="oracle.dbtools.crest.model.design.logical.Relation" name="Relation_5" directorySegmentName="seg_0" id="E1DE4FF8-C77A-A4BC-D7F7-0477952CD27F">
<createdBy>dragu</createdBy>
<createdTime>2026-02-09 23:35:17 UTC</createdTime>
<ownerDesignName>s5_roberto_sandoval</ownerDesignName>
<importedID>CB6C3713-15D5-28BF-D6DF-3226C889F3B2</importedID>
<engineerTo>
<item key="D7CB63A9-3F32-A980-C58F-7B534D6B4EED" value="true"/>
<item key="46A69366-4F76-E656-EE30-8181757E9797" value="true"/>
</engineerTo>
<sourcePk>CEBA6886-69ED-70AD-ED1F-6522E69759CA</sourcePk>
<identifying>false</identifying>
<optionalSource>false</optionalSource>
<optionalTarget>false</optionalTarget>
<sourceCardinality>1</sourceCardinality>
<sourceEntity>1B5AF054-9DCA-AEC8-0BA1-5F505C3D52EB</sourceEntity>
<targetCardinalityString>*</targetCardinalityString>
<targetEntity>E8E007FF-A9C7-7C9D-5234-25DD1E90C8A0</targetEntity>
<transferable>true</transferable>
<deleteRule>NO ACTION</deleteRule>
</Relation>