<?xml version = '1.0' encoding = 'UTF-8'?>
<Relation class="oracle.dbtools.crest.model.design.logical.Relation" name="Relation_2" directorySegmentName="seg_0" id="F745381E-FF7D-405F-12AD-BA25A9BD1EB9">
<createdBy>dragu</createdBy>
<createdTime>2026-02-09 23:35:17 UTC</createdTime>
<ownerDesignName>s5_roberto_sandoval</ownerDesignName>
<importedID>E66EF177-604A-7A86-065A-6EABA66219D8</importedID>
<engineerTo>
<item key="D7CB63A9-3F32-A980-C58F-7B534D6B4EED" value="true"/>
<item key="46A69366-4F76-E656-EE30-8181757E9797" value="true"/>
</engineerTo>
<sourcePk>AEBC71C5-7268-7C04-2F5C-34E8DB573C41</sourcePk>
<identifying>false</identifying>
<optionalSource>false</optionalSource>
<optionalTarget>true</optionalTarget>
<sourceCardinality>1</sourceCardinality>
<sourceEntity>1627BA5F-1EEF-4D90-28E7-28A7C0E9B9EF</sourceEntity>
<targetCardinalityString>*</targetCardinalityString>
<targetEntity>5713E35D-C978-9414-B469-FD8287569530</targetEntity>
<transferable>true</transferable>
<deleteRule>NO ACTION</deleteRule>
</Relation>