<?xml version = '1.0' encoding = 'UTF-8'?>
<Table class="oracle.dbtools.crest.model.design.relational.Table" directorySegmentName="seg_0" id="A2160230-7BEE-238A-3158-AF5A29A471BD" name="EMPLEADO">
<createdBy>rober</createdBy>
<createdTime>2026-01-24 02:09:47 UTC</createdTime>
<generatorID>6A3282B7-DDBD-0EE5-795D-C5AE842A1E41</generatorID>
<ownerDesignName>s1_roberto_sandoval</ownerDesignName>
<allowColumnReorder>false</allowColumnReorder>
<existDependencyGenerateInDDl>true</existDependencyGenerateInDDl>
<parsed>true</parsed>
<columns itemClass="oracle.dbtools.crest.model.design.relational.Column">
<Column name="rut" id="B126AFF8-073B-BC65-D648-5D271541D94D">
<createdBy>rober</createdBy>
<createdTime>2026-01-24 02:09:47 UTC</createdTime>
<generatorID>34E5B85A-151A-8F8F-0261-2163C9DDCC60</generatorID>
<ownerDesignName>s1_roberto_sandoval</ownerDesignName>
<useDomainConstraints>false</useDomainConstraints>
<use>1</use>
<logicalDatatype>LOGDT024</logicalDatatype>
<dataTypeSize>15</dataTypeSize>
<ownDataTypeParameters>15,,</ownDataTypeParameters>
<autoIncrementCycle>false</autoIncrementCycle>
</Column>
<Column name="nombre" id="52FD2373-9180-2EED-F630-40C3AFC45D5E">
<createdBy>rober</createdBy>
<createdTime>2026-01-24 02:09:47 UTC</createdTime>
<generatorID>94242484-EBA6-56A6-F867-A20FAD1A8B0A</generatorID>
<ownerDesignName>s1_roberto_sandoval</ownerDesignName>
<useDomainConstraints>false</useDomainConstraints>
<use>1</use>
<logicalDatatype>LOGDT024</logicalDatatype>
<dataTypeSize>50</dataTypeSize>
<ownDataTypeParameters>50,,</ownDataTypeParameters>
<autoIncrementCycle>false</autoIncrementCycle>
</Column>
<Column name="apellido_paterno" id="972BFA26-AE65-A6D8-1799-363F3EE083B6">
<createdBy>rober</createdBy>
<createdTime>2026-01-24 05:28:52 UTC</createdTime>
<generatorID>E4A48120-8AAE-1CD0-3AFB-3FB955D895F5</generatorID>
<ownerDesignName>s1_roberto_sandoval</ownerDesignName>
<useDomainConstraints>false</useDomainConstraints>
<use>1</use>
<logicalDatatype>LOGDT024</logicalDatatype>
<dataTypeSize>50</dataTypeSize>
<ownDataTypeParameters>50,,</ownDataTypeParameters>
<autoIncrementCycle>false</autoIncrementCycle>
</Column>
<Column name="apellido_materno" id="5D4CA604-84E0-31B6-3C5E-CEABFAD30D1F">
<createdBy>rober</createdBy>
<createdTime>2026-01-24 05:28:52 UTC</createdTime>
<generatorID>D8F85A97-8EBF-BFEB-4917-404189B78D01</generatorID>
<ownerDesignName>s1_roberto_sandoval</ownerDesignName>
<useDomainConstraints>false</useDomainConstraints>
<use>1</use>
<logicalDatatype>LOGDT024</logicalDatatype>
<dataTypeSize>50</dataTypeSize>
<ownDataTypeParameters>50,,</ownDataTypeParameters>
<autoIncrementCycle>false</autoIncrementCycle>
</Column>
<Column name="direccion" id="FC3A4A5B-85FB-8481-EAD8-2293D34B4DDA">
<createdBy>rober</createdBy>
<createdTime>2026-01-24 05:28:52 UTC</createdTime>
<generatorID>FA95F5C2-2915-11C2-1D50-4E1553E3E46A</generatorID>
<ownerDesignName>s1_roberto_sandoval</ownerDesignName>
<useDomainConstraints>false</useDomainConstraints>
<use>1</use>
<logicalDatatype>LOGDT024</logicalDatatype>
<dataTypeSize>200</dataTypeSize>
<ownDataTypeParameters>200,,</ownDataTypeParameters>
<autoIncrementCycle>false</autoIncrementCycle>
</Column>
<Column name="sueldo_base" id="63D59CDD-C9F5-7F99-3194-7AAEC5624A3B">
<createdBy>rober</createdBy>
<createdTime>2026-01-24 05:28:52 UTC</createdTime>
<generatorID>0A140934-F746-5285-48DE-2C74D45F3357</generatorID>
<ownerDesignName>s1_roberto_sandoval</ownerDesignName>
<useDomainConstraints>false</useDomainConstraints>
<use>1</use>
<logicalDatatype>LOGDT019</logicalDatatype>
<dataTypePrecision>10</dataTypePrecision>
<ownDataTypeParameters>,10,</ownDataTypeParameters>
<autoIncrementCycle>false</autoIncrementCycle>
</Column>
<Column name="fecha_ingreso" id="10773A54-D292-D8D2-7BB1-DBDB33322D5A">
<createdBy>rober</createdBy>
<createdTime>2026-01-24 05:28:52 UTC</createdTime>
<generatorID>9BB47C25-1028-6244-3D3A-AFD77B98A566</generatorID>
<ownerDesignName>s1_roberto_sandoval</ownerDesignName>
<useDomainConstraints>false</useDomainConstraints>
<use>1</use>
<logicalDatatype>LOGDT007</logicalDatatype>
<ownDataTypeParameters>,,</ownDataTypeParameters>
<autoIncrementCycle>false</autoIncrementCycle>
</Column>
<Column name="genero" id="D42EEC83-2BE1-4E0F-2470-233798C42004">
<createdBy>rober</createdBy>
<createdTime>2026-01-24 05:28:52 UTC</createdTime>
<generatorID>EA7B1B6B-2811-0D10-43B8-20954BEC8BB9</generatorID>
<ownerDesignName>s1_roberto_sandoval</ownerDesignName>
<useDomainConstraints>false</useDomainConstraints>
<use>1</use>
<logicalDatatype>LOGDT025</logicalDatatype>
<dataTypeSize>1</dataTypeSize>
<ownDataTypeParameters>1,,</ownDataTypeParameters>
<autoIncrementCycle>false</autoIncrementCycle>
</Column>
<Column name="tel_movil" id="10980ED4-EB12-024A-3A53-8735A234A5E9">
<createdBy>rober</createdBy>
<createdTime>2026-01-24 05:28:52 UTC</createdTime>
<generatorID>D175CD5B-7E7D-9C85-6EEA-EF54C97A0732</generatorID>
<ownerDesignName>s1_roberto_sandoval</ownerDesignName>
<useDomainConstraints>false</useDomainConstraints>
<use>1</use>
<logicalDatatype>LOGDT024</logicalDatatype>
<dataTypeSize>20</dataTypeSize>
<ownDataTypeParameters>20,,</ownDataTypeParameters>
<autoIncrementCycle>false</autoIncrementCycle>
</Column>
<Column name="tel_contacto" id="A69CAB1E-7B43-3E19-E94C-0970E0E3A651">
<createdBy>rober</createdBy>
<createdTime>2026-01-24 05:28:52 UTC</createdTime>
<generatorID>627AEC24-7C3A-1672-8D39-82A4040B1B83</generatorID>
<ownerDesignName>s1_roberto_sandoval</ownerDesignName>
<nullsAllowed>true</nullsAllowed>
<useDomainConstraints>false</useDomainConstraints>
<use>1</use>
<logicalDatatype>LOGDT024</logicalDatatype>
<dataTypeSize>20</dataTypeSize>
<ownDataTypeParameters>20,,</ownDataTypeParameters>
<autoIncrementCycle>false</autoIncrementCycle>
</Column>
</columns>
<indexes itemClass="oracle.dbtools.crest.model.design.relational.Index">
<ind_PK_UK id="84316568-4C07-9058-72DB-1D87ADB7F519" name="EMPLEADO_PK">
<createdBy>rober</createdBy>
<createdTime>2026-01-24 02:09:47 UTC</createdTime>
<generatorID>C218398A-385D-0F61-C2AF-B3147B916038</generatorID>
<ownerDesignName>s1_roberto_sandoval</ownerDesignName>
<pk>true</pk>
<indexState>Primary Constraint</indexState>
<isSurrogateKey>false</isSurrogateKey>
<indexColumnUsage>
<colUsage columnID="B126AFF8-073B-BC65-D648-5D271541D94D"/>
</indexColumnUsage>
</ind_PK_UK>
</indexes>
</Table>