<?xml version = '1.0' encoding = 'UTF-8'?>
<Table class="oracle.dbtools.crest.model.design.relational.Table" directorySegmentName="seg_0" id="D9640BD3-F18A-854C-CA6B-B12AADA4C706" name="RESERVA">
<createdBy>rober</createdBy>
<createdTime>2026-01-24 02:09:47 UTC</createdTime>
<generatorID>54264926-5606-B239-A5BF-364C49DFEDE3</generatorID>
<ownerDesignName>s1_roberto_sandoval</ownerDesignName>
<allowColumnReorder>false</allowColumnReorder>
<existDependencyGenerateInDDl>true</existDependencyGenerateInDDl>
<parsed>true</parsed>
<columns itemClass="oracle.dbtools.crest.model.design.relational.Column">
<Column name="num_reserva" id="82B7B185-160C-703F-0A83-6DC01164D60A">
<createdBy>rober</createdBy>
<createdTime>2026-01-24 02:09:47 UTC</createdTime>
<generatorID>2122C29C-A4B6-64CD-1E08-7BAFCEB0D0DD</generatorID>
<ownerDesignName>s1_roberto_sandoval</ownerDesignName>
<useDomainConstraints>false</useDomainConstraints>
<use>1</use>
<logicalDatatype>LOGDT024</logicalDatatype>
<dataTypeSize>15</dataTypeSize>
<ownDataTypeParameters>15,,</ownDataTypeParameters>
<autoIncrementCycle>false</autoIncrementCycle>
</Column>
<Column name="fecha_viaje" id="934F7C81-1B4B-33B4-7AD2-EA94A413B243">
<createdBy>rober</createdBy>
<createdTime>2026-01-24 02:09:47 UTC</createdTime>
<generatorID>BE56B210-3DB6-AC68-D687-964DDCD30971</generatorID>
<ownerDesignName>s1_roberto_sandoval</ownerDesignName>
<useDomainConstraints>false</useDomainConstraints>
<use>1</use>
<logicalDatatype>LOGDT007</logicalDatatype>
<ownDataTypeParameters>,,</ownDataTypeParameters>
<autoIncrementCycle>false</autoIncrementCycle>
</Column>
<Column name="estado" id="AF8E726A-008B-FFD2-883D-602ADCAD6D13">
<createdBy>rober</createdBy>
<createdTime>2026-01-24 02:09:47 UTC</createdTime>
<generatorID>C83D9C2F-3465-4EEE-8C7F-6659B05A18CD</generatorID>
<ownerDesignName>s1_roberto_sandoval</ownerDesignName>
<useDomainConstraints>false</useDomainConstraints>
<use>1</use>
<logicalDatatype>LOGDT025</logicalDatatype>
<dataTypeSize>1</dataTypeSize>
<ownDataTypeParameters>1,,</ownDataTypeParameters>
<autoIncrementCycle>false</autoIncrementCycle>
</Column>
<Column name="cedula_identidad" id="A786A64F-BEE8-582F-B182-32905BAE2F52">
<createdBy>rober</createdBy>
<createdTime>2026-01-24 05:28:52 UTC</createdTime>
<generatorID>1D5A92E6-FEFA-E3AF-A488-C46DFEDFDBFB</generatorID>
<ownerDesignName>s1_roberto_sandoval</ownerDesignName>
<useDomainConstraints>false</useDomainConstraints>
<use>1</use>
<logicalDatatype>LOGDT024</logicalDatatype>
<ownDataTypeParameters>,,</ownDataTypeParameters>
<previousColumn>false</previousColumn>
<autoIncrementCycle>false</autoIncrementCycle>
</Column>
<Column name="PASAJERO_cedula_identidad" id="9257393A-4C9C-15E6-E9B7-2D78F0260EB9">
<createdBy>rober</createdBy>
<createdTime>2026-01-24 06:11:48 UTC</createdTime>
<generatorID>9BD55697-DA20-5AB1-5989-942C66882290</generatorID>
<ownerDesignName>s1_roberto_sandoval</ownerDesignName>
<useDomainConstraints>false</useDomainConstraints>
<use>1</use>
<logicalDatatype>LOGDT024</logicalDatatype>
<ownDataTypeParameters>,,</ownDataTypeParameters>
<autoIncrementCycle>false</autoIncrementCycle>
</Column>
<Column name="PASAJERO_cedula_identidad2" id="B06F6BDE-F6F8-37CA-E362-38584490F351">
<createdBy>rober</createdBy>
<createdTime>2026-01-24 07:13:21 UTC</createdTime>
<generatorID>62324C42-0607-8944-10C4-2B18D4B23844</generatorID>
<ownerDesignName>s1_roberto_sandoval</ownerDesignName>
<useDomainConstraints>false</useDomainConstraints>
<use>1</use>
<logicalDatatype>LOGDT024</logicalDatatype>
<dataTypeSize>15</dataTypeSize>
<ownDataTypeParameters>,,</ownDataTypeParameters>
<previousColumn>false</previousColumn>
<autoIncrementCycle>false</autoIncrementCycle>
<associations>
<colAssociation fkAssociation="D74586A7-8FA6-BADA-06C2-C3DB4213A1ED" referredColumn="6B4BA2F4-9EB8-1145-7661-483070519C2E"/>
</associations>
</Column>
<Column name="VUELO_id_vuelo" id="282E3283-5CFF-5E78-EB7D-D38B2F26A5F9">
<createdBy>rober</createdBy>
<createdTime>2026-01-24 07:13:21 UTC</createdTime>
<generatorID>D1EB9CE5-4E86-7350-518C-B4990CAD73F8</generatorID>
<ownerDesignName>s1_roberto_sandoval</ownerDesignName>
<useDomainConstraints>false</useDomainConstraints>
<use>1</use>
<logicalDatatype>LOGDT024</logicalDatatype>
<dataTypeSize>10</dataTypeSize>
<ownDataTypeParameters>,,</ownDataTypeParameters>
<previousColumn>false</previousColumn>
<autoIncrementCycle>false</autoIncrementCycle>
<associations>
<colAssociation fkAssociation="7F497BE7-1BA6-05F6-7EA0-0F2290520AC0" referredColumn="DB8BA99C-28BF-BA9B-FBB2-51BFB6E6D527"/>
</associations>
</Column>
<Column name="EMPLEADO_rut" id="379D99D5-2B14-823A-2B42-E513D81ECD16">
<createdBy>rober</createdBy>
<createdTime>2026-01-24 07:13:21 UTC</createdTime>
<generatorID>EE75E1EF-5326-7DC1-7C08-DFBD3A8DB898</generatorID>
<ownerDesignName>s1_roberto_sandoval</ownerDesignName>
<useDomainConstraints>false</useDomainConstraints>
<use>1</use>
<logicalDatatype>LOGDT024</logicalDatatype>
<dataTypeSize>15</dataTypeSize>
<ownDataTypeParameters>,,</ownDataTypeParameters>
<previousColumn>false</previousColumn>
<autoIncrementCycle>false</autoIncrementCycle>
<associations>
<colAssociation fkAssociation="416E4A1E-2BF1-A9BF-44BD-763B462871E6" referredColumn="B126AFF8-073B-BC65-D648-5D271541D94D"/>
</associations>
</Column>
</columns>
<indexes itemClass="oracle.dbtools.crest.model.design.relational.Index">
<ind_PK_UK id="D09D63E0-A907-B23D-3325-8408D732A4E6" name="RESERVA_PK">
<createdBy>rober</createdBy>
<createdTime>2026-01-24 02:09:47 UTC</createdTime>
<generatorID>40F3FF5D-8411-D74A-E864-86525D829F20</generatorID>
<ownerDesignName>s1_roberto_sandoval</ownerDesignName>
<pk>true</pk>
<indexState>Primary Constraint</indexState>
<isSurrogateKey>false</isSurrogateKey>
<indexColumnUsage>
<colUsage columnID="82B7B185-160C-703F-0A83-6DC01164D60A"/>
</indexColumnUsage>
</ind_PK_UK>
<ind_PK_UK id="59D95851-78FE-A9D4-9A06-411BEBC7535C" name="RESERVA_PASAJERO_FK">
<createdBy>rober</createdBy>
<createdTime>2026-01-24 07:13:21 UTC</createdTime>
<generatorID>D841712E-4427-8A2B-F7ED-0840907148C4</generatorID>
<ownerDesignName>s1_roberto_sandoval</ownerDesignName>
<indexState>Foreign Key</indexState>
<isSurrogateKey>false</isSurrogateKey>
<indexColumnUsage>
<colUsage columnID="B06F6BDE-F6F8-37CA-E362-38584490F351"/>
</indexColumnUsage>
</ind_PK_UK>
<ind_PK_UK id="A17F19E9-7403-29E6-D1AD-64BEB5F162E6" name="RESERVA_VUELO_FK">
<createdBy>rober</createdBy>
<createdTime>2026-01-24 07:13:21 UTC</createdTime>
<generatorID>77C3F12B-BCA0-BAC1-C4EC-DABC4762B18A</generatorID>
<ownerDesignName>s1_roberto_sandoval</ownerDesignName>
<indexState>Foreign Key</indexState>
<isSurrogateKey>false</isSurrogateKey>
<indexColumnUsage>
<colUsage columnID="282E3283-5CFF-5E78-EB7D-D38B2F26A5F9"/>
</indexColumnUsage>
</ind_PK_UK>
<ind_PK_UK id="C3C5A7CA-F3CE-176D-6761-93F09612E9F2" name="RESERVA_EMPLEADO_FK">
<createdBy>rober</createdBy>
<createdTime>2026-01-24 07:13:21 UTC</createdTime>
<generatorID>8A3292A3-8113-77E7-829B-E649ECDC376C</generatorID>
<ownerDesignName>s1_roberto_sandoval</ownerDesignName>
<indexState>Foreign Key</indexState>
<isSurrogateKey>false</isSurrogateKey>
<indexColumnUsage>
<colUsage columnID="379D99D5-2B14-823A-2B42-E513D81ECD16"/>
</indexColumnUsage>
</ind_PK_UK>
</indexes>
</Table>