<?xml version = '1.0' encoding = 'UTF-8'?>
<Table class="oracle.dbtools.crest.model.design.relational.Table" directorySegmentName="seg_0" id="FBD7CA3B-2A89-580A-9E69-ED8B88FFF739" name="VUELO">
<createdBy>rober</createdBy>
<createdTime>2026-01-24 02:09:47 UTC</createdTime>
<generatorID>60E15AA2-93E4-F078-CB54-62412543B790</generatorID>
<ownerDesignName>s1_roberto_sandoval</ownerDesignName>
<allowColumnReorder>false</allowColumnReorder>
<existDependencyGenerateInDDl>true</existDependencyGenerateInDDl>
<parsed>true</parsed>
<columns itemClass="oracle.dbtools.crest.model.design.relational.Column">
<Column name="id_vuelo" id="DB8BA99C-28BF-BA9B-FBB2-51BFB6E6D527">
<createdBy>rober</createdBy>
<createdTime>2026-01-24 02:09:47 UTC</createdTime>
<generatorID>1AF64ABB-AAF0-D539-21D8-AD6569DF35ED</generatorID>
<ownerDesignName>s1_roberto_sandoval</ownerDesignName>
<useDomainConstraints>false</useDomainConstraints>
<use>1</use>
<logicalDatatype>LOGDT024</logicalDatatype>
<dataTypeSize>10</dataTypeSize>
<ownDataTypeParameters>10,,</ownDataTypeParameters>
<autoIncrementCycle>false</autoIncrementCycle>
</Column>
<Column name="fecha_vuelo" id="802890E6-F465-CDE4-F209-EF122FCC3ECF">
<createdBy>rober</createdBy>
<createdTime>2026-01-24 02:09:47 UTC</createdTime>
<generatorID>97388287-D0AE-09D0-C9F9-57A588ACE1F3</generatorID>
<ownerDesignName>s1_roberto_sandoval</ownerDesignName>
<useDomainConstraints>false</useDomainConstraints>
<use>1</use>
<logicalDatatype>LOGDT007</logicalDatatype>
<ownDataTypeParameters>,,</ownDataTypeParameters>
<autoIncrementCycle>false</autoIncrementCycle>
</Column>
<Column name="hora_vuelo" id="04523FEA-86EE-9C59-33FA-6497CD8A709F">
<createdBy>rober</createdBy>
<createdTime>2026-01-24 05:28:52 UTC</createdTime>
<generatorID>BBC7C220-5311-78DF-9BB4-C619CB0FA772</generatorID>
<ownerDesignName>s1_roberto_sandoval</ownerDesignName>
<useDomainConstraints>false</useDomainConstraints>
<use>1</use>
<logicalDatatype>LOGDT024</logicalDatatype>
<dataTypeSize>5</dataTypeSize>
<ownDataTypeParameters>5,,</ownDataTypeParameters>
<autoIncrementCycle>false</autoIncrementCycle>
</Column>
<Column name="destino" id="A570C73A-8A34-03FC-A67D-B183D0AE68A8">
<createdBy>rober</createdBy>
<createdTime>2026-01-24 05:28:52 UTC</createdTime>
<generatorID>DB07C6E4-9454-1E2D-38AC-90747F3C9508</generatorID>
<ownerDesignName>s1_roberto_sandoval</ownerDesignName>
<useDomainConstraints>false</useDomainConstraints>
<use>1</use>
<logicalDatatype>LOGDT024</logicalDatatype>
<dataTypeSize>50</dataTypeSize>
<ownDataTypeParameters>50,,</ownDataTypeParameters>
<autoIncrementCycle>false</autoIncrementCycle>
</Column>
</columns>
<indexes itemClass="oracle.dbtools.crest.model.design.relational.Index">
<ind_PK_UK id="45E372FE-1B64-B78A-9C59-03E2F0877D82" name="VUELO_PK">
<createdBy>rober</createdBy>
<createdTime>2026-01-24 02:09:47 UTC</createdTime>
<generatorID>223D7F86-CA86-329C-8C35-E84E6D4ED36B</generatorID>
<ownerDesignName>s1_roberto_sandoval</ownerDesignName>
<pk>true</pk>
<indexState>Primary Constraint</indexState>
<isSurrogateKey>false</isSurrogateKey>
<indexColumnUsage>
<colUsage columnID="DB8BA99C-28BF-BA9B-FBB2-51BFB6E6D527"/>
</indexColumnUsage>
</ind_PK_UK>
</indexes>
</Table>