<?xml version = '1.0' encoding = 'UTF-8'?>
<Table class="oracle.dbtools.crest.model.design.relational.Table" directorySegmentName="seg_0" id="FD463AE0-3335-05D1-7169-9FEB41225B6E" name="PASAJERO">
<createdBy>rober</createdBy>
<createdTime>2026-01-24 02:09:47 UTC</createdTime>
<generatorID>828BCD4E-1A9C-CB48-E0DE-715890F4A9F8</generatorID>
<ownerDesignName>s1_roberto_sandoval</ownerDesignName>
<allowColumnReorder>false</allowColumnReorder>
<existDependencyGenerateInDDl>true</existDependencyGenerateInDDl>
<parsed>true</parsed>
<columns itemClass="oracle.dbtools.crest.model.design.relational.Column">
<Column name="cedula_identidad" id="6B4BA2F4-9EB8-1145-7661-483070519C2E">
<createdBy>rober</createdBy>
<createdTime>2026-01-24 02:09:47 UTC</createdTime>
<generatorID>F677C4CA-E181-249A-74EE-4E83F48E9758</generatorID>
<ownerDesignName>s1_roberto_sandoval</ownerDesignName>
<useDomainConstraints>false</useDomainConstraints>
<use>1</use>
<logicalDatatype>LOGDT024</logicalDatatype>
<dataTypeSize>15</dataTypeSize>
<ownDataTypeParameters>15,,</ownDataTypeParameters>
<autoIncrementCycle>false</autoIncrementCycle>
</Column>
<Column name="nombre_completo" id="42410EE0-945D-47EF-6344-98CBD29CB3AA">
<createdBy>rober</createdBy>
<createdTime>2026-01-24 02:09:47 UTC</createdTime>
<generatorID>9AD52F32-CE22-9799-AE9D-8FDD694D98AA</generatorID>
<ownerDesignName>s1_roberto_sandoval</ownerDesignName>
<useDomainConstraints>false</useDomainConstraints>
<use>1</use>
<logicalDatatype>LOGDT024</logicalDatatype>
<dataTypeSize>100</dataTypeSize>
<ownDataTypeParameters>100,,</ownDataTypeParameters>
<autoIncrementCycle>false</autoIncrementCycle>
</Column>
<Column name="num_pasaporte" id="BABC06B8-4CCE-EE1F-A8F2-5BAB0EBCF611">
<createdBy>rober</createdBy>
<createdTime>2026-01-24 05:28:52 UTC</createdTime>
<generatorID>F8F3DC0E-5FFF-6CCD-9DB3-1F68025974FA</generatorID>
<ownerDesignName>s1_roberto_sandoval</ownerDesignName>
<useDomainConstraints>false</useDomainConstraints>
<use>1</use>
<logicalDatatype>LOGDT024</logicalDatatype>
<dataTypeSize>20</dataTypeSize>
<ownDataTypeParameters>20,,</ownDataTypeParameters>
<autoIncrementCycle>false</autoIncrementCycle>
</Column>
<Column name="nombre" id="BB25539C-CE8D-3C29-C799-D219413A1778">
<createdBy>rober</createdBy>
<createdTime>2026-01-24 05:28:52 UTC</createdTime>
<generatorID>FBAD4196-9EB8-E069-9DCC-67113489BFA5</generatorID>
<ownerDesignName>s1_roberto_sandoval</ownerDesignName>
<useDomainConstraints>false</useDomainConstraints>
<use>1</use>
<logicalDatatype>LOGDT024</logicalDatatype>
<dataTypeSize>50</dataTypeSize>
<ownDataTypeParameters>50,,</ownDataTypeParameters>
<autoIncrementCycle>false</autoIncrementCycle>
</Column>
<Column name="apellido_paterno" id="4182C69F-4414-50A7-C3C6-C57CB62AE19E">
<createdBy>rober</createdBy>
<createdTime>2026-01-24 05:28:52 UTC</createdTime>
<generatorID>51C10AED-4268-11AD-37D2-80D73AC88EBD</generatorID>
<ownerDesignName>s1_roberto_sandoval</ownerDesignName>
<useDomainConstraints>false</useDomainConstraints>
<use>1</use>
<logicalDatatype>LOGDT024</logicalDatatype>
<dataTypeSize>50</dataTypeSize>
<ownDataTypeParameters>50,,</ownDataTypeParameters>
<autoIncrementCycle>false</autoIncrementCycle>
</Column>
<Column name="fecha_nacimiento" id="83008E37-4FFD-A2B7-FA26-FD9BB6B0FA26">
<createdBy>rober</createdBy>
<createdTime>2026-01-24 05:28:52 UTC</createdTime>
<generatorID>E3D759BC-3A16-6BDB-2193-25496CDB580B</generatorID>
<ownerDesignName>s1_roberto_sandoval</ownerDesignName>
<useDomainConstraints>false</useDomainConstraints>
<use>1</use>
<logicalDatatype>LOGDT007</logicalDatatype>
<ownDataTypeParameters>,,</ownDataTypeParameters>
<autoIncrementCycle>false</autoIncrementCycle>
</Column>
<Column name="nacionalidad" id="EC9FAC3E-5610-7C94-8514-3A6EC620CA82">
<createdBy>rober</createdBy>
<createdTime>2026-01-24 05:28:52 UTC</createdTime>
<generatorID>7601F322-E27B-79E9-9A4C-610B5D743883</generatorID>
<ownerDesignName>s1_roberto_sandoval</ownerDesignName>
<useDomainConstraints>false</useDomainConstraints>
<use>1</use>
<logicalDatatype>LOGDT024</logicalDatatype>
<dataTypeSize>40</dataTypeSize>
<ownDataTypeParameters>40,,</ownDataTypeParameters>
<autoIncrementCycle>false</autoIncrementCycle>
</Column>
<Column name="telefono" id="3466DAC6-A13E-07D2-BB91-0D00AC80422D">
<createdBy>rober</createdBy>
<createdTime>2026-01-24 05:28:52 UTC</createdTime>
<generatorID>90262C8B-81BE-534E-4BCD-12375724F744</generatorID>
<ownerDesignName>s1_roberto_sandoval</ownerDesignName>
<useDomainConstraints>false</useDomainConstraints>
<use>1</use>
<logicalDatatype>LOGDT024</logicalDatatype>
<dataTypeSize>20</dataTypeSize>
<ownDataTypeParameters>20,,</ownDataTypeParameters>
<autoIncrementCycle>false</autoIncrementCycle>
</Column>
<Column name="correo" id="1DFAF723-D490-BF35-0DDB-50FCB2AA5B43">
<createdBy>rober</createdBy>
<createdTime>2026-01-24 05:28:52 UTC</createdTime>
<generatorID>CB545B10-0571-CDAE-6F93-E33196921F34</generatorID>
<ownerDesignName>s1_roberto_sandoval</ownerDesignName>
<useDomainConstraints>false</useDomainConstraints>
<use>1</use>
<logicalDatatype>LOGDT024</logicalDatatype>
<dataTypeSize>100</dataTypeSize>
<ownDataTypeParameters>100,,</ownDataTypeParameters>
<autoIncrementCycle>false</autoIncrementCycle>
</Column>
<Column name="apellido_materno" id="718A7B02-7E31-1E32-23D7-3AF75FE09785">
<createdBy>rober</createdBy>
<createdTime>2026-01-24 06:01:06 UTC</createdTime>
<generatorID>EB491F33-4CD6-7507-F3EC-3EE084DB52F2</generatorID>
<ownerDesignName>s1_roberto_sandoval</ownerDesignName>
<useDomainConstraints>false</useDomainConstraints>
<use>1</use>
<logicalDatatype>LOGDT024</logicalDatatype>
<dataTypeSize>50</dataTypeSize>
<ownDataTypeParameters>50,,</ownDataTypeParameters>
<autoIncrementCycle>false</autoIncrementCycle>
</Column>
</columns>
<indexes itemClass="oracle.dbtools.crest.model.design.relational.Index">
<ind_PK_UK id="07D7A35E-D683-52C7-DC3B-FDBAFDC628FD" name="PASAJERO_PK">
<createdBy>rober</createdBy>
<createdTime>2026-01-24 02:09:47 UTC</createdTime>
<generatorID>FFFE1481-2DDD-635D-D86A-6B7432530273</generatorID>
<ownerDesignName>s1_roberto_sandoval</ownerDesignName>
<pk>true</pk>
<indexState>Primary Constraint</indexState>
<isSurrogateKey>false</isSurrogateKey>
<indexColumnUsage>
<colUsage columnID="6B4BA2F4-9EB8-1145-7661-483070519C2E"/>
</indexColumnUsage>
</ind_PK_UK>
</indexes>
</Table>