<?xml version = '1.0' encoding = 'UTF-8'?>
<Entity class="oracle.dbtools.crest.model.design.logical.Entity" directorySegmentName="seg_0" id="54264926-5606-B239-A5BF-364C49DFEDE3" name="RESERVA">
<createdBy>rober</createdBy>
<createdTime>2026-01-23 05:20:55 UTC</createdTime>
<ownerDesignName>s1_roberto_sandoval</ownerDesignName>
<engineerTo>
<item key="46CFDBDD-1B24-F6DC-D28B-2D1CCDC1EA27" value="true"/>
</engineerTo>
<adequatelyNormalized>NO</adequatelyNormalized>
<expectedVolumes>0</expectedVolumes>
<fwdEngineeringStrategyName>Single Table</fwdEngineeringStrategyName>
<growthPercent>0</growthPercent>
<growthType>Year</growthType>
<maxVolumes>9999999</maxVolumes>
<minVolumes>0</minVolumes>
<normalForm>Third</normalForm>
<attributes itemClass="oracle.dbtools.crest.model.design.logical.Attribute">
<Attribute name="num_reserva" id="2122C29C-A4B6-64CD-1E08-7BAFCEB0D0DD">
<createdBy>rober</createdBy>
<createdTime>2026-01-23 05:21:53 UTC</createdTime>
<ownerDesignName>s1_roberto_sandoval</ownerDesignName>
<engineerTo>
<item key="46CFDBDD-1B24-F6DC-D28B-2D1CCDC1EA27" value="true"/>
</engineerTo>
<useDomainConstraints>false</useDomainConstraints>
<use>1</use>
<logicalDatatype>LOGDT024</logicalDatatype>
<dataTypeSize>15</dataTypeSize>
<ownDataTypeParameters>15,,</ownDataTypeParameters>
</Attribute>
<Attribute name="fecha_viaje" id="BE56B210-3DB6-AC68-D687-964DDCD30971">
<createdBy>rober</createdBy>
<createdTime>2026-01-23 05:22:49 UTC</createdTime>
<ownerDesignName>s1_roberto_sandoval</ownerDesignName>
<engineerTo>
<item key="46CFDBDD-1B24-F6DC-D28B-2D1CCDC1EA27" value="true"/>
</engineerTo>
<useDomainConstraints>false</useDomainConstraints>
<use>1</use>
<logicalDatatype>LOGDT007</logicalDatatype>
<ownDataTypeParameters>,,</ownDataTypeParameters>
</Attribute>
<Attribute name="estado" id="C83D9C2F-3465-4EEE-8C7F-6659B05A18CD">
<createdBy>rober</createdBy>
<createdTime>2026-01-23 05:23:50 UTC</createdTime>
<ownerDesignName>s1_roberto_sandoval</ownerDesignName>
<engineerTo>
<item key="46CFDBDD-1B24-F6DC-D28B-2D1CCDC1EA27" value="true"/>
</engineerTo>
<useDomainConstraints>false</useDomainConstraints>
<use>1</use>
<logicalDatatype>LOGDT025</logicalDatatype>
<dataTypeSize>1</dataTypeSize>
<ownDataTypeParameters>1,,</ownDataTypeParameters>
</Attribute>
<Attribute name="cedula_identidad" id="62324C42-0607-8944-10C4-2B18D4B23844">
<createdBy>rober</createdBy>
<createdTime>2026-01-24 06:21:44 UTC</createdTime>
<generatorID>D841712E-4427-8A2B-F7ED-0840907148C4</generatorID>
<ownerDesignName>s1_roberto_sandoval</ownerDesignName>
<engineerTo>
<item key="46CFDBDD-1B24-F6DC-D28B-2D1CCDC1EA27" value="true"/>
</engineerTo>
<referedAttribute>F677C4CA-E181-249A-74EE-4E83F48E9758</referedAttribute>
<useDomainConstraints>false</useDomainConstraints>
<use>1</use>
<logicalDatatype>LOGDT024</logicalDatatype>
<dataTypeSize>15</dataTypeSize>
<ownDataTypeParameters>,,</ownDataTypeParameters>
</Attribute>
<Attribute name="id_vuelo" id="D1EB9CE5-4E86-7350-518C-B4990CAD73F8">
<createdBy>rober</createdBy>
<createdTime>2026-01-24 06:22:03 UTC</createdTime>
<generatorID>77C3F12B-BCA0-BAC1-C4EC-DABC4762B18A</generatorID>
<ownerDesignName>s1_roberto_sandoval</ownerDesignName>
<engineerTo>
<item key="46CFDBDD-1B24-F6DC-D28B-2D1CCDC1EA27" value="true"/>
</engineerTo>
<referedAttribute>1AF64ABB-AAF0-D539-21D8-AD6569DF35ED</referedAttribute>
<useDomainConstraints>false</useDomainConstraints>
<use>1</use>
<logicalDatatype>LOGDT024</logicalDatatype>
<dataTypeSize>10</dataTypeSize>
<ownDataTypeParameters>,,</ownDataTypeParameters>
</Attribute>
<Attribute name="rut" id="EE75E1EF-5326-7DC1-7C08-DFBD3A8DB898">
<createdBy>rober</createdBy>
<createdTime>2026-01-24 06:22:13 UTC</createdTime>
<generatorID>8A3292A3-8113-77E7-829B-E649ECDC376C</generatorID>
<ownerDesignName>s1_roberto_sandoval</ownerDesignName>
<engineerTo>
<item key="46CFDBDD-1B24-F6DC-D28B-2D1CCDC1EA27" value="true"/>
</engineerTo>
<referedAttribute>34E5B85A-151A-8F8F-0261-2163C9DDCC60</referedAttribute>
<useDomainConstraints>false</useDomainConstraints>
<use>1</use>
<logicalDatatype>LOGDT024</logicalDatatype>
<dataTypeSize>15</dataTypeSize>
<ownDataTypeParameters>,,</ownDataTypeParameters>
</Attribute>
</attributes>
<identifiers itemClass="oracle.dbtools.crest.model.design.logical.CandidateKey">
<identifier id="40F3FF5D-8411-D74A-E864-86525D829F20" name="RESERVA PK">
<createdBy>rober</createdBy>
<createdTime>2026-01-23 05:22:36 UTC</createdTime>
<ownerDesignName>s1_roberto_sandoval</ownerDesignName>
<shouldEngineer>false</shouldEngineer>
<engineerTo>
<item key="46CFDBDD-1B24-F6DC-D28B-2D1CCDC1EA27" value="false"/>
</engineerTo>
<pk>true</pk>
<usedAttributes>
<attributeRef>2122C29C-A4B6-64CD-1E08-7BAFCEB0D0DD</attributeRef>
</usedAttributes>
</identifier>
</identifiers>
</Entity>