<?xml version = '1.0' encoding = 'UTF-8'?>
<Entity class="oracle.dbtools.crest.model.design.logical.Entity" directorySegmentName="seg_0" id="6A3282B7-DDBD-0EE5-795D-C5AE842A1E41" name="EMPLEADO">
<createdBy>rober</createdBy>
<createdTime>2026-01-23 05:13:48 UTC</createdTime>
<ownerDesignName>s1_roberto_sandoval</ownerDesignName>
<engineerTo>
<item key="46CFDBDD-1B24-F6DC-D28B-2D1CCDC1EA27" value="true"/>
</engineerTo>
<adequatelyNormalized>NO</adequatelyNormalized>
<expectedVolumes>0</expectedVolumes>
<fwdEngineeringStrategyName>Single Table</fwdEngineeringStrategyName>
<growthPercent>0</growthPercent>
<growthType>Year</growthType>
<maxVolumes>9999999</maxVolumes>
<minVolumes>0</minVolumes>
<normalForm>Third</normalForm>
<attributes itemClass="oracle.dbtools.crest.model.design.logical.Attribute">
<Attribute name="rut" id="34E5B85A-151A-8F8F-0261-2163C9DDCC60">
<createdBy>rober</createdBy>
<createdTime>2026-01-23 05:16:28 UTC</createdTime>
<ownerDesignName>s1_roberto_sandoval</ownerDesignName>
<engineerTo>
<item key="46CFDBDD-1B24-F6DC-D28B-2D1CCDC1EA27" value="true"/>
</engineerTo>
<useDomainConstraints>false</useDomainConstraints>
<use>1</use>
<logicalDatatype>LOGDT024</logicalDatatype>
<dataTypeSize>15</dataTypeSize>
<ownDataTypeParameters>15,,</ownDataTypeParameters>
</Attribute>
<Attribute name="nombre" id="94242484-EBA6-56A6-F867-A20FAD1A8B0A">
<createdBy>rober</createdBy>
<createdTime>2026-01-23 05:19:10 UTC</createdTime>
<ownerDesignName>s1_roberto_sandoval</ownerDesignName>
<engineerTo>
<item key="46CFDBDD-1B24-F6DC-D28B-2D1CCDC1EA27" value="true"/>
</engineerTo>
<useDomainConstraints>false</useDomainConstraints>
<use>1</use>
<logicalDatatype>LOGDT024</logicalDatatype>
<dataTypeSize>50</dataTypeSize>
<ownDataTypeParameters>50,,</ownDataTypeParameters>
</Attribute>
<Attribute name="apellido_paterno" id="E4A48120-8AAE-1CD0-3AFB-3FB955D895F5">
<createdBy>rober</createdBy>
<createdTime>2026-01-24 05:01:07 UTC</createdTime>
<ownerDesignName>s1_roberto_sandoval</ownerDesignName>
<engineerTo>
<item key="46CFDBDD-1B24-F6DC-D28B-2D1CCDC1EA27" value="true"/>
</engineerTo>
<useDomainConstraints>false</useDomainConstraints>
<use>1</use>
<logicalDatatype>LOGDT024</logicalDatatype>
<dataTypeSize>50</dataTypeSize>
<ownDataTypeParameters>50,,</ownDataTypeParameters>
</Attribute>
<Attribute name="apellido_materno" id="D8F85A97-8EBF-BFEB-4917-404189B78D01">
<createdBy>rober</createdBy>
<createdTime>2026-01-24 05:01:34 UTC</createdTime>
<ownerDesignName>s1_roberto_sandoval</ownerDesignName>
<engineerTo>
<item key="46CFDBDD-1B24-F6DC-D28B-2D1CCDC1EA27" value="true"/>
</engineerTo>
<useDomainConstraints>false</useDomainConstraints>
<use>1</use>
<logicalDatatype>LOGDT024</logicalDatatype>
<dataTypeSize>50</dataTypeSize>
<ownDataTypeParameters>50,,</ownDataTypeParameters>
</Attribute>
<Attribute name="direccion" id="FA95F5C2-2915-11C2-1D50-4E1553E3E46A">
<createdBy>rober</createdBy>
<createdTime>2026-01-24 05:01:55 UTC</createdTime>
<ownerDesignName>s1_roberto_sandoval</ownerDesignName>
<engineerTo>
<item key="46CFDBDD-1B24-F6DC-D28B-2D1CCDC1EA27" value="true"/>
</engineerTo>
<useDomainConstraints>false</useDomainConstraints>
<use>1</use>
<logicalDatatype>LOGDT024</logicalDatatype>
<dataTypeSize>200</dataTypeSize>
<ownDataTypeParameters>200,,</ownDataTypeParameters>
</Attribute>
<Attribute name="sueldo_base" id="0A140934-F746-5285-48DE-2C74D45F3357">
<createdBy>rober</createdBy>
<createdTime>2026-01-24 05:02:59 UTC</createdTime>
<ownerDesignName>s1_roberto_sandoval</ownerDesignName>
<engineerTo>
<item key="46CFDBDD-1B24-F6DC-D28B-2D1CCDC1EA27" value="true"/>
</engineerTo>
<useDomainConstraints>false</useDomainConstraints>
<use>1</use>
<logicalDatatype>LOGDT019</logicalDatatype>
<dataTypePrecision>10</dataTypePrecision>
<ownDataTypeParameters>,10,</ownDataTypeParameters>
</Attribute>
<Attribute name="fecha_ingreso" id="9BB47C25-1028-6244-3D3A-AFD77B98A566">
<createdBy>rober</createdBy>
<createdTime>2026-01-24 05:03:26 UTC</createdTime>
<ownerDesignName>s1_roberto_sandoval</ownerDesignName>
<engineerTo>
<item key="46CFDBDD-1B24-F6DC-D28B-2D1CCDC1EA27" value="true"/>
</engineerTo>
<useDomainConstraints>false</useDomainConstraints>
<use>1</use>
<logicalDatatype>LOGDT007</logicalDatatype>
<ownDataTypeParameters>,,</ownDataTypeParameters>
</Attribute>
<Attribute name="genero" id="EA7B1B6B-2811-0D10-43B8-20954BEC8BB9">
<createdBy>rober</createdBy>
<createdTime>2026-01-24 05:03:50 UTC</createdTime>
<ownerDesignName>s1_roberto_sandoval</ownerDesignName>
<engineerTo>
<item key="46CFDBDD-1B24-F6DC-D28B-2D1CCDC1EA27" value="true"/>
</engineerTo>
<useDomainConstraints>false</useDomainConstraints>
<use>1</use>
<logicalDatatype>LOGDT025</logicalDatatype>
<dataTypeSize>1</dataTypeSize>
<ownDataTypeParameters>1,,</ownDataTypeParameters>
</Attribute>
<Attribute name="tel_movil" id="D175CD5B-7E7D-9C85-6EEA-EF54C97A0732">
<createdBy>rober</createdBy>
<createdTime>2026-01-24 05:04:22 UTC</createdTime>
<ownerDesignName>s1_roberto_sandoval</ownerDesignName>
<engineerTo>
<item key="46CFDBDD-1B24-F6DC-D28B-2D1CCDC1EA27" value="true"/>
</engineerTo>
<useDomainConstraints>false</useDomainConstraints>
<use>1</use>
<logicalDatatype>LOGDT024</logicalDatatype>
<dataTypeSize>20</dataTypeSize>
<ownDataTypeParameters>20,,</ownDataTypeParameters>
</Attribute>
<Attribute name="tel_contacto" id="627AEC24-7C3A-1672-8D39-82A4040B1B83">
<createdBy>rober</createdBy>
<createdTime>2026-01-24 05:05:02 UTC</createdTime>
<ownerDesignName>s1_roberto_sandoval</ownerDesignName>
<engineerTo>
<item key="46CFDBDD-1B24-F6DC-D28B-2D1CCDC1EA27" value="true"/>
</engineerTo>
<nullsAllowed>true</nullsAllowed>
<useDomainConstraints>false</useDomainConstraints>
<use>1</use>
<logicalDatatype>LOGDT024</logicalDatatype>
<dataTypeSize>20</dataTypeSize>
<ownDataTypeParameters>20,,</ownDataTypeParameters>
</Attribute>
</attributes>
<identifiers itemClass="oracle.dbtools.crest.model.design.logical.CandidateKey">
<identifier id="C218398A-385D-0F61-C2AF-B3147B916038" name="EMPLEADO PK">
<createdBy>rober</createdBy>
<createdTime>2026-01-23 05:17:56 UTC</createdTime>
<ownerDesignName>s1_roberto_sandoval</ownerDesignName>
<shouldEngineer>false</shouldEngineer>
<engineerTo>
<item key="46CFDBDD-1B24-F6DC-D28B-2D1CCDC1EA27" value="false"/>
</engineerTo>
<pk>true</pk>
<usedAttributes>
<attributeRef>34E5B85A-151A-8F8F-0261-2163C9DDCC60</attributeRef>
</usedAttributes>
</identifier>
</identifiers>
</Entity>