<?xml version = '1.0' encoding = 'UTF-8'?>
<Entity class="oracle.dbtools.crest.model.design.logical.Entity" directorySegmentName="seg_0" id="828BCD4E-1A9C-CB48-E0DE-715890F4A9F8" name="PASAJERO">
<createdBy>rober</createdBy>
<createdTime>2026-01-23 04:34:31 UTC</createdTime>
<ownerDesignName>s1_roberto_sandoval</ownerDesignName>
<engineerTo>
<item key="46CFDBDD-1B24-F6DC-D28B-2D1CCDC1EA27" value="true"/>
</engineerTo>
<adequatelyNormalized>NO</adequatelyNormalized>
<expectedVolumes>0</expectedVolumes>
<fwdEngineeringStrategyName>Single Table</fwdEngineeringStrategyName>
<growthPercent>0</growthPercent>
<growthType>Year</growthType>
<maxVolumes>9999999</maxVolumes>
<minVolumes>0</minVolumes>
<normalForm>Third</normalForm>
<attributes itemClass="oracle.dbtools.crest.model.design.logical.Attribute">
<Attribute name="cedula_identidad" id="F677C4CA-E181-249A-74EE-4E83F48E9758">
<createdBy>rober</createdBy>
<createdTime>2026-01-23 04:43:11 UTC</createdTime>
<ownerDesignName>s1_roberto_sandoval</ownerDesignName>
<engineerTo>
<item key="46CFDBDD-1B24-F6DC-D28B-2D1CCDC1EA27" value="true"/>
</engineerTo>
<useDomainConstraints>false</useDomainConstraints>
<use>1</use>
<logicalDatatype>LOGDT024</logicalDatatype>
<dataTypeSize>15</dataTypeSize>
<ownDataTypeParameters>15,,</ownDataTypeParameters>
</Attribute>
<Attribute name="num_pasaporte" id="F8F3DC0E-5FFF-6CCD-9DB3-1F68025974FA">
<createdBy>rober</createdBy>
<createdTime>2026-01-24 03:39:59 UTC</createdTime>
<ownerDesignName>s1_roberto_sandoval</ownerDesignName>
<engineerTo>
<item key="46CFDBDD-1B24-F6DC-D28B-2D1CCDC1EA27" value="true"/>
</engineerTo>
<useDomainConstraints>false</useDomainConstraints>
<use>1</use>
<logicalDatatype>LOGDT024</logicalDatatype>
<dataTypeSize>20</dataTypeSize>
<ownDataTypeParameters>20,,</ownDataTypeParameters>
</Attribute>
<Attribute name="nombre" id="FBAD4196-9EB8-E069-9DCC-67113489BFA5">
<createdBy>rober</createdBy>
<createdTime>2026-01-24 03:41:11 UTC</createdTime>
<ownerDesignName>s1_roberto_sandoval</ownerDesignName>
<engineerTo>
<item key="46CFDBDD-1B24-F6DC-D28B-2D1CCDC1EA27" value="true"/>
</engineerTo>
<useDomainConstraints>false</useDomainConstraints>
<use>1</use>
<logicalDatatype>LOGDT024</logicalDatatype>
<dataTypeSize>50</dataTypeSize>
<ownDataTypeParameters>50,,</ownDataTypeParameters>
</Attribute>
<Attribute name="apellido_paterno" id="51C10AED-4268-11AD-37D2-80D73AC88EBD">
<createdBy>rober</createdBy>
<createdTime>2026-01-24 03:53:56 UTC</createdTime>
<ownerDesignName>s1_roberto_sandoval</ownerDesignName>
<engineerTo>
<item key="46CFDBDD-1B24-F6DC-D28B-2D1CCDC1EA27" value="true"/>
</engineerTo>
<useDomainConstraints>false</useDomainConstraints>
<use>1</use>
<logicalDatatype>LOGDT024</logicalDatatype>
<dataTypeSize>50</dataTypeSize>
<ownDataTypeParameters>50,,</ownDataTypeParameters>
</Attribute>
<Attribute name="fecha_nacimiento" id="E3D759BC-3A16-6BDB-2193-25496CDB580B">
<createdBy>rober</createdBy>
<createdTime>2026-01-24 03:54:28 UTC</createdTime>
<ownerDesignName>s1_roberto_sandoval</ownerDesignName>
<engineerTo>
<item key="46CFDBDD-1B24-F6DC-D28B-2D1CCDC1EA27" value="true"/>
</engineerTo>
<useDomainConstraints>false</useDomainConstraints>
<use>1</use>
<logicalDatatype>LOGDT007</logicalDatatype>
<ownDataTypeParameters>,,</ownDataTypeParameters>
</Attribute>
<Attribute name="nacionalidad" id="7601F322-E27B-79E9-9A4C-610B5D743883">
<createdBy>rober</createdBy>
<createdTime>2026-01-24 03:54:56 UTC</createdTime>
<ownerDesignName>s1_roberto_sandoval</ownerDesignName>
<engineerTo>
<item key="46CFDBDD-1B24-F6DC-D28B-2D1CCDC1EA27" value="true"/>
</engineerTo>
<useDomainConstraints>false</useDomainConstraints>
<use>1</use>
<logicalDatatype>LOGDT024</logicalDatatype>
<dataTypeSize>40</dataTypeSize>
<ownDataTypeParameters>40,,</ownDataTypeParameters>
</Attribute>
<Attribute name="telefono" id="90262C8B-81BE-534E-4BCD-12375724F744">
<createdBy>rober</createdBy>
<createdTime>2026-01-24 03:55:55 UTC</createdTime>
<ownerDesignName>s1_roberto_sandoval</ownerDesignName>
<engineerTo>
<item key="46CFDBDD-1B24-F6DC-D28B-2D1CCDC1EA27" value="true"/>
</engineerTo>
<useDomainConstraints>false</useDomainConstraints>
<use>1</use>
<logicalDatatype>LOGDT024</logicalDatatype>
<dataTypeSize>20</dataTypeSize>
<ownDataTypeParameters>20,,</ownDataTypeParameters>
</Attribute>
<Attribute name="correo" id="CB545B10-0571-CDAE-6F93-E33196921F34">
<createdBy>rober</createdBy>
<createdTime>2026-01-24 03:56:59 UTC</createdTime>
<ownerDesignName>s1_roberto_sandoval</ownerDesignName>
<engineerTo>
<item key="46CFDBDD-1B24-F6DC-D28B-2D1CCDC1EA27" value="true"/>
</engineerTo>
<useDomainConstraints>false</useDomainConstraints>
<use>1</use>
<logicalDatatype>LOGDT024</logicalDatatype>
<dataTypeSize>100</dataTypeSize>
<ownDataTypeParameters>100,,</ownDataTypeParameters>
</Attribute>
<Attribute name="apellido_materno" id="EB491F33-4CD6-7507-F3EC-3EE084DB52F2">
<createdBy>rober</createdBy>
<createdTime>2026-01-24 05:58:00 UTC</createdTime>
<ownerDesignName>s1_roberto_sandoval</ownerDesignName>
<engineerTo>
<item key="46CFDBDD-1B24-F6DC-D28B-2D1CCDC1EA27" value="true"/>
</engineerTo>
<useDomainConstraints>false</useDomainConstraints>
<use>1</use>
<logicalDatatype>LOGDT024</logicalDatatype>
<dataTypeSize>50</dataTypeSize>
<ownDataTypeParameters>50,,</ownDataTypeParameters>
</Attribute>
</attributes>
<identifiers itemClass="oracle.dbtools.crest.model.design.logical.CandidateKey">
<identifier id="FFFE1481-2DDD-635D-D86A-6B7432530273" name="PASAJERO PK">
<createdBy>rober</createdBy>
<createdTime>2026-01-23 04:43:42 UTC</createdTime>
<ownerDesignName>s1_roberto_sandoval</ownerDesignName>
<shouldEngineer>false</shouldEngineer>
<engineerTo>
<item key="46CFDBDD-1B24-F6DC-D28B-2D1CCDC1EA27" value="false"/>
</engineerTo>
<pk>true</pk>
<usedAttributes>
<attributeRef>F677C4CA-E181-249A-74EE-4E83F48E9758</attributeRef>
</usedAttributes>
</identifier>
</identifiers>
</Entity>