<?xml version = '1.0' encoding = 'UTF-8'?>
<Diagram class="oracle.dbtools.crest.swingui.logical.DPVLogical" name="Logical" id="19A05D7C-FA92-6ADF-A9C8-0A6C978BD3F8">
<createdBy>rober</createdBy>
<modifiedBy>rober</modifiedBy>
<createdTime>2026-01-23 03:53:23 UTC</createdTime>
<autoRoute>false</autoRoute>
<boxInbox>true</boxInbox>
<showLegend>false</showLegend>
<showLabels>false</showLabels>
<showRelAttributes>false</showRelAttributes>
<gridEnabled>false</gridEnabled>
<showGrid>false</showGrid>
<diagramColor>-1</diagramColor>
<display>false</display>
<notation>1</notation>
<objectViews>
<OView class="oracle.dbtools.crest.swingui.logical.TVEntity" oid="54264926-5606-B239-A5BF-364C49DFEDE3" otype="Entity" vid="473E2F5B-2E9F-03EB-D0AF-C206A9BA37E9">
<hideElementsInCurrentOnly>false</hideElementsInCurrentOnly>
<bounds x="374" y="97" width="170" height="110"/>
</OView>
<OView class="oracle.dbtools.crest.swingui.logical.TVEntity" oid="60E15AA2-93E4-F078-CB54-62412543B790" otype="Entity" vid="7B006D55-6087-C821-B712-EBAD4CA6719C">
<hideElementsInCurrentOnly>false</hideElementsInCurrentOnly>
<bounds x="670" y="94" width="170" height="110"/>
</OView>
<OView class="oracle.dbtools.crest.swingui.logical.TVEntity" oid="6A3282B7-DDBD-0EE5-795D-C5AE842A1E41" otype="Entity" vid="06163EDB-F644-5B0A-B3C0-CF043BFC9D1F">
<hideElementsInCurrentOnly>false</hideElementsInCurrentOnly>
<bounds x="388" y="300" width="170" height="179"/>
</OView>
<OView class="oracle.dbtools.crest.swingui.logical.TVEntity" oid="828BCD4E-1A9C-CB48-E0DE-715890F4A9F8" otype="Entity" vid="C25A4A58-FB60-4261-B171-91BCBFD267FA">
<hideElementsInCurrentOnly>false</hideElementsInCurrentOnly>
<bounds x="62" y="95" width="170" height="160"/>
</OView>
</objectViews>
<connectors>
<Connector class="oracle.dbtools.crest.swingui.logical.TVRelation" oid="77C3F12B-BCA0-BAC1-C4EC-DABC4762B18A" otype="Relation" vid_source="7B006D55-6087-C821-B712-EBAD4CA6719C" vid_target="473E2F5B-2E9F-03EB-D0AF-C206A9BA37E9">
<hideElementsInCurrentOnly>false</hideElementsInCurrentOnly>
<backgroundColor>-16777216</backgroundColor>
<lineWidth>1</lineWidth>
<points>
<point x="670" y="165"/>
<point x="544" y="165"/>
</points>
</Connector>
<Connector class="oracle.dbtools.crest.swingui.logical.TVRelation" oid="8A3292A3-8113-77E7-829B-E649ECDC376C" otype="Relation" vid_source="06163EDB-F644-5B0A-B3C0-CF043BFC9D1F" vid_target="473E2F5B-2E9F-03EB-D0AF-C206A9BA37E9">
<hideElementsInCurrentOnly>false</hideElementsInCurrentOnly>
<backgroundColor>-16777216</backgroundColor>
<lineWidth>1</lineWidth>
<points>
<point x="481" y="300"/>
<point x="481" y="207"/>
</points>
</Connector>
<Connector class="oracle.dbtools.crest.swingui.logical.TVRelation" oid="D841712E-4427-8A2B-F7ED-0840907148C4" otype="Relation" vid_source="C25A4A58-FB60-4261-B171-91BCBFD267FA" vid_target="473E2F5B-2E9F-03EB-D0AF-C206A9BA37E9">
<hideElementsInCurrentOnly>false</hideElementsInCurrentOnly>
<backgroundColor>-16777216</backgroundColor>
<lineWidth>1</lineWidth>
<points>
<point x="232" y="137"/>
<point x="374" y="137"/>
</points>
</Connector>
</connectors>
</Diagram>