<?xml version = '1.0' encoding = 'UTF-8'?>
<FKIndexAssociation class="oracle.dbtools.crest.model.design.relational.FKIndexAssociation" directorySegmentName="seg_0" id="0196FF88-792E-8E45-9BE4-3E326DB96386" containerWithKeyObject="8AEF5B9C-567A-4F1F-22D7-7C2ABF3C25C7" localFKIndex="0816CB83-47FF-DBD2-01D4-46E42CB06793" name="EMPRESA_PROVEEDOR_FK">
<createdBy>dragu</createdBy>
<createdTime>2026-02-09 23:42:57 UTC</createdTime>
<generatorID>87AE0975-AD47-B665-A295-F4476FB82824</generatorID>
<ownerDesignName>s5_roberto_sandoval</ownerDesignName>
<referredTableLongName>PROVEEDOR</referredTableLongName>
<arc>B64628A6-37B7-F813-87AC-48386953A865</arc>
<deleteRule>NO ACTION</deleteRule>
<referredTableID>607F338D-825A-FC2F-56D5-10109B4D082C</referredTableID>
<keyObject>D76C0DFE-C97E-C014-D200-A03044DE48CD</keyObject>
<referredKeyID>D76C0DFE-C97E-C014-D200-A03044DE48CD</referredKeyID>
<mandatory>true</mandatory>
<refColNames>ID_PROVEEDOR</refColNames>
<transferable>true</transferable>
<rely>false</rely>
<discriminatorValue>EMPRESA</discriminatorValue>
<columnDependencyConstraintGenerateInDDL>true</columnDependencyConstraintGenerateInDDL>
</FKIndexAssociation>