<?xml version = '1.0' encoding = 'UTF-8'?>
<FKIndexAssociation class="oracle.dbtools.crest.model.design.relational.FKIndexAssociation" directorySegmentName="seg_0" id="0E659A78-C0AC-0F21-2D2B-CD5700A9359B" containerWithKeyObject="38512142-B18E-3192-83D9-4CBABA28A570" localFKIndex="7052947D-68AB-ED1D-D1B8-5C1D00BA1CAF" name="BOLETA_SUCURSAL_FK">
<createdBy>dragu</createdBy>
<createdTime>2026-02-09 23:42:57 UTC</createdTime>
<generatorID>2475A272-5A41-CAA6-3AF7-F6788129D50F</generatorID>
<ownerDesignName>s5_roberto_sandoval</ownerDesignName>
<referredTableLongName>SUCURSAL</referredTableLongName>
<deleteRule>NO ACTION</deleteRule>
<referredTableID>28EFE78A-BBED-D12D-3812-81FD556CB687</referredTableID>
<keyObject>47001CA8-769D-2C5C-77C0-80AAD1B60E2D</keyObject>
<referredKeyID>47001CA8-769D-2C5C-77C0-80AAD1B60E2D</referredKeyID>
<mandatory>true</mandatory>
<refColNames>ID_SUCURSAL</refColNames>
<transferable>false</transferable>
<rely>false</rely>
<columnDependencyConstraintGenerateInDDL>true</columnDependencyConstraintGenerateInDDL>
</FKIndexAssociation>