<?xml version = '1.0' encoding = 'UTF-8'?>
<FKIndexAssociation class="oracle.dbtools.crest.model.design.relational.FKIndexAssociation" directorySegmentName="seg_0" id="11E4F279-7834-E457-EAF8-335B5FE17578" containerWithKeyObject="38512142-B18E-3192-83D9-4CBABA28A570" localFKIndex="D14986D2-C62B-E528-8416-11B9AC59C144" name="BOLETA_CLIENTE_FK">
<createdBy>dragu</createdBy>
<createdTime>2026-02-09 23:42:57 UTC</createdTime>
<generatorID>9586F1F8-B5BC-0A8F-81BE-E55DAEF26E2B</generatorID>
<ownerDesignName>s5_roberto_sandoval</ownerDesignName>
<referredTableLongName>CLIENTE</referredTableLongName>
<deleteRule>NO ACTION</deleteRule>
<referredTableID>90A7A192-BAEB-F842-A542-C1ED57134B56</referredTableID>
<keyObject>0B786F76-E963-D625-9C5E-CE24D0322B71</keyObject>
<referredKeyID>0B786F76-E963-D625-9C5E-CE24D0322B71</referredKeyID>
<mandatory>true</mandatory>
<refColNames>ID_CLIENTE</refColNames>
<transferable>false</transferable>
<rely>false</rely>
<columnDependencyConstraintGenerateInDDL>true</columnDependencyConstraintGenerateInDDL>
</FKIndexAssociation>