<?xml version = '1.0' encoding = 'UTF-8'?>
<FKIndexAssociation class="oracle.dbtools.crest.model.design.relational.FKIndexAssociation" directorySegmentName="seg_0" id="1C085E87-F3D1-6BD7-D60B-88A2E106202C" containerWithKeyObject="38512142-B18E-3192-83D9-4CBABA28A570" localFKIndex="C785A036-F8D7-2F73-0E56-25F4EA68BE28" name="BOLETA_PROVEEDOR_FK">
<createdBy>dragu</createdBy>
<createdTime>2026-02-09 23:42:57 UTC</createdTime>
<generatorID>34107DEE-D380-CF47-D5E7-A53FEBD66E7F</generatorID>
<ownerDesignName>s5_roberto_sandoval</ownerDesignName>
<referredTableLongName>PROVEEDOR</referredTableLongName>
<deleteRule>NO ACTION</deleteRule>
<referredTableID>607F338D-825A-FC2F-56D5-10109B4D082C</referredTableID>
<keyObject>D76C0DFE-C97E-C014-D200-A03044DE48CD</keyObject>
<referredKeyID>D76C0DFE-C97E-C014-D200-A03044DE48CD</referredKeyID>
<mandatory>true</mandatory>
<refColNames>ID_PROVEEDOR</refColNames>
<transferable>false</transferable>
<rely>false</rely>
<columnDependencyConstraintGenerateInDDL>true</columnDependencyConstraintGenerateInDDL>
</FKIndexAssociation>