<?xml version = '1.0' encoding = 'UTF-8'?>
<FKIndexAssociation class="oracle.dbtools.crest.model.design.relational.FKIndexAssociation" directorySegmentName="seg_0" id="1E2BBBFB-3B95-284E-C2E6-0F39D2EF161B" containerWithKeyObject="1350FD2E-EAEF-0372-BB29-56A4CA67F146" localFKIndex="6ADD8D48-3F63-F0E6-E4BE-5FB23C6BBE69" name="PERSONA_PROVEEDOR_FK">
<createdBy>dragu</createdBy>
<createdTime>2026-02-09 23:42:57 UTC</createdTime>
<generatorID>63755AA3-A1FA-073E-33DE-AB87483F48F3</generatorID>
<ownerDesignName>s5_roberto_sandoval</ownerDesignName>
<referredTableLongName>PROVEEDOR</referredTableLongName>
<arc>B64628A6-37B7-F813-87AC-48386953A865</arc>
<deleteRule>NO ACTION</deleteRule>
<referredTableID>607F338D-825A-FC2F-56D5-10109B4D082C</referredTableID>
<keyObject>D76C0DFE-C97E-C014-D200-A03044DE48CD</keyObject>
<referredKeyID>D76C0DFE-C97E-C014-D200-A03044DE48CD</referredKeyID>
<mandatory>true</mandatory>
<refColNames>ID_PROVEEDOR</refColNames>
<transferable>true</transferable>
<rely>false</rely>
<discriminatorValue>PERSONA</discriminatorValue>
<columnDependencyConstraintGenerateInDDL>true</columnDependencyConstraintGenerateInDDL>
</FKIndexAssociation>