<?xml version = '1.0' encoding = 'UTF-8'?>
<FKIndexAssociation class="oracle.dbtools.crest.model.design.relational.FKIndexAssociation" directorySegmentName="seg_0" id="270B29D8-9DA4-A0CC-7812-7CC073BA49DB" containerWithKeyObject="7083438F-B687-4040-AC40-6DC70E0B72F3" localFKIndex="FF0201A3-4604-5E0E-61C0-DAB206FBF635" name="PROVINCIA_REGION_FK">
<createdBy>dragu</createdBy>
<createdTime>2026-02-09 23:42:57 UTC</createdTime>
<generatorID>7DBCE38C-ED6B-5576-6A03-F9C54F62F1E1</generatorID>
<ownerDesignName>s5_roberto_sandoval</ownerDesignName>
<referredTableLongName>REGION</referredTableLongName>
<deleteRule>NO ACTION</deleteRule>
<referredTableID>F06CF74C-A6FA-BDA6-0A97-BED9AC5D2C9A</referredTableID>
<keyObject>136D5CE2-AF0E-5970-D666-EDBEF49DDB41</keyObject>
<referredKeyID>136D5CE2-AF0E-5970-D666-EDBEF49DDB41</referredKeyID>
<mandatory>false</mandatory>
<refColNames>ID_REGION</refColNames>
<transferable>true</transferable>
<rely>false</rely>
<columnDependencyConstraintGenerateInDDL>true</columnDependencyConstraintGenerateInDDL>
</FKIndexAssociation>