<?xml version = '1.0' encoding = 'UTF-8'?>
<FKIndexAssociation class="oracle.dbtools.crest.model.design.relational.FKIndexAssociation" directorySegmentName="seg_0" id="3852131D-F2ED-9A2E-2DAE-11698EC9AD11" containerWithKeyObject="F43EAB61-AACC-2363-2B73-4EA5BCD74375" localFKIndex="027FC0CC-265B-73E5-A65D-A2720DCC6764" name="PROV_PROD_PROV_FK">
<createdBy>dragu</createdBy>
<createdTime>2026-02-09 23:42:57 UTC</createdTime>
<generatorID>A3B696F6-4F28-5953-94C7-863B9269055B</generatorID>
<ownerDesignName>s5_roberto_sandoval</ownerDesignName>
<referredTableLongName>PROVEEDOR</referredTableLongName>
<deleteRule>NO ACTION</deleteRule>
<referredTableID>607F338D-825A-FC2F-56D5-10109B4D082C</referredTableID>
<keyObject>D76C0DFE-C97E-C014-D200-A03044DE48CD</keyObject>
<referredKeyID>D76C0DFE-C97E-C014-D200-A03044DE48CD</referredKeyID>
<mandatory>true</mandatory>
<refColNames>ID_PROVEEDOR</refColNames>
<transferable>true</transferable>
<rely>false</rely>
<columnDependencyConstraintGenerateInDDL>true</columnDependencyConstraintGenerateInDDL>
</FKIndexAssociation>