<?xml version = '1.0' encoding = 'UTF-8'?>
<FKIndexAssociation class="oracle.dbtools.crest.model.design.relational.FKIndexAssociation" directorySegmentName="seg_0" id="3E5897AE-7D66-DEB6-C879-5BC4F3984F6B" containerWithKeyObject="55999B2D-EA14-697C-802E-58862392E148" localFKIndex="C156669D-FFA4-7C41-4C7B-33F6EAE2045D" name="COMUNA_PROVINCIA_FK">
<createdBy>dragu</createdBy>
<createdTime>2026-02-09 23:42:57 UTC</createdTime>
<generatorID>F745381E-FF7D-405F-12AD-BA25A9BD1EB9</generatorID>
<ownerDesignName>s5_roberto_sandoval</ownerDesignName>
<referredTableLongName>PROVINCIA</referredTableLongName>
<deleteRule>NO ACTION</deleteRule>
<referredTableID>7083438F-B687-4040-AC40-6DC70E0B72F3</referredTableID>
<keyObject>C4B6183D-E7CD-9C2D-CC31-8AB1AFB15668</keyObject>
<referredKeyID>C4B6183D-E7CD-9C2D-CC31-8AB1AFB15668</referredKeyID>
<mandatory>false</mandatory>
<refColNames>ID_PROVINCIA</refColNames>
<transferable>true</transferable>
<rely>false</rely>
<columnDependencyConstraintGenerateInDDL>true</columnDependencyConstraintGenerateInDDL>
</FKIndexAssociation>