<?xml version = '1.0' encoding = 'UTF-8'?>
<FKIndexAssociation class="oracle.dbtools.crest.model.design.relational.FKIndexAssociation" directorySegmentName="seg_0" id="64D79DB8-4F6F-C139-3D38-E4AE685CC9EF" containerWithKeyObject="1D9E0157-BEFB-8E6D-FA04-7D6263B72BA5" localFKIndex="0E61533D-19B9-F99C-D7FE-F3E948B41A51" name="PRODUCTO_CATEGORIA_FK">
<createdBy>dragu</createdBy>
<createdTime>2026-02-09 23:42:57 UTC</createdTime>
<generatorID>B7233889-F61C-D338-1E73-55217D734303</generatorID>
<ownerDesignName>s5_roberto_sandoval</ownerDesignName>
<referredTableLongName>CATEGORIA</referredTableLongName>
<deleteRule>NO ACTION</deleteRule>
<referredTableID>31E123A4-AA2B-71C3-8EF9-832DB32758B6</referredTableID>
<keyObject>EDCE15E3-F3C1-F488-40B1-53E602610F6E</keyObject>
<referredKeyID>EDCE15E3-F3C1-F488-40B1-53E602610F6E</referredKeyID>
<mandatory>true</mandatory>
<refColNames>ID_CATEGORIA</refColNames>
<transferable>true</transferable>
<rely>false</rely>
<columnDependencyConstraintGenerateInDDL>true</columnDependencyConstraintGenerateInDDL>
</FKIndexAssociation>