<?xml version = '1.0' encoding = 'UTF-8'?>
<FKIndexAssociation class="oracle.dbtools.crest.model.design.relational.FKIndexAssociation" directorySegmentName="seg_0" id="C6C9F036-72CE-2B0D-EDB1-5C72E421BE79" containerWithKeyObject="1D9E0157-BEFB-8E6D-FA04-7D6263B72BA5" localFKIndex="F19D0BE3-4650-399E-5F00-B961FEE18217" name="PRODUCTO_SUCURSAL_FK">
<createdBy>dragu</createdBy>
<createdTime>2026-02-09 23:42:57 UTC</createdTime>
<generatorID>688DF515-9E69-C133-CAE5-CD8DD09607CD</generatorID>
<ownerDesignName>s5_roberto_sandoval</ownerDesignName>
<referredTableLongName>SUCURSAL</referredTableLongName>
<deleteRule>NO ACTION</deleteRule>
<referredTableID>28EFE78A-BBED-D12D-3812-81FD556CB687</referredTableID>
<keyObject>47001CA8-769D-2C5C-77C0-80AAD1B60E2D</keyObject>
<referredKeyID>47001CA8-769D-2C5C-77C0-80AAD1B60E2D</referredKeyID>
<mandatory>false</mandatory>
<refColNames>ID_SUCURSAL</refColNames>
<transferable>true</transferable>
<rely>false</rely>
<columnDependencyConstraintGenerateInDDL>true</columnDependencyConstraintGenerateInDDL>
</FKIndexAssociation>