<?xml version = '1.0' encoding = 'UTF-8'?>
<FKIndexAssociation class="oracle.dbtools.crest.model.design.relational.FKIndexAssociation" directorySegmentName="seg_0" id="D7C7275E-7C45-AE1D-BF83-67E0FC292189" containerWithKeyObject="1D9E0157-BEFB-8E6D-FA04-7D6263B72BA5" localFKIndex="AE2BBAD9-C916-ACEF-C64B-E47C393AE270" name="PRODUCTO_MODELO_FK">
<createdBy>dragu</createdBy>
<createdTime>2026-02-09 23:42:57 UTC</createdTime>
<generatorID>E1DE4FF8-C77A-A4BC-D7F7-0477952CD27F</generatorID>
<ownerDesignName>s5_roberto_sandoval</ownerDesignName>
<referredTableLongName>MODELO</referredTableLongName>
<deleteRule>NO ACTION</deleteRule>
<referredTableID>D9CF534F-BAEF-4E4D-8DD6-BCAFAFECC7DC</referredTableID>
<keyObject>77E9E0C2-33AF-DB2D-71B2-C5E7E46B993B</keyObject>
<referredKeyID>77E9E0C2-33AF-DB2D-71B2-C5E7E46B993B</referredKeyID>
<mandatory>true</mandatory>
<refColNames>ID_MODELO</refColNames>
<transferable>true</transferable>
<rely>false</rely>
<columnDependencyConstraintGenerateInDDL>true</columnDependencyConstraintGenerateInDDL>
</FKIndexAssociation>