<?xml version = '1.0' encoding = 'UTF-8'?>
<FKIndexAssociation class="oracle.dbtools.crest.model.design.relational.FKIndexAssociation" directorySegmentName="seg_0" id="DA540F49-BEB3-3845-B1DA-EA31F8517F40" containerWithKeyObject="F43EAB61-AACC-2363-2B73-4EA5BCD74375" localFKIndex="574CDBA0-14A9-E615-C1E7-80D2C3FB0029" name="PROV_PROD_FK">
<createdBy>dragu</createdBy>
<createdTime>2026-02-09 23:42:57 UTC</createdTime>
<generatorID>A3B696F6-4F28-5953-94C7-863B9269055B</generatorID>
<ownerDesignName>s5_roberto_sandoval</ownerDesignName>
<referredTableLongName>PRODUCTO</referredTableLongName>
<deleteRule>NO ACTION</deleteRule>
<referredTableID>1D9E0157-BEFB-8E6D-FA04-7D6263B72BA5</referredTableID>
<keyObject>6E11F0E6-BAE9-8EDE-ED1C-C89186D4738F</keyObject>
<referredKeyID>6E11F0E6-BAE9-8EDE-ED1C-C89186D4738F</referredKeyID>
<mandatory>true</mandatory>
<refColNames>ID_PRODUCTO</refColNames>
<transferable>true</transferable>
<rely>false</rely>
<columnDependencyConstraintGenerateInDDL>true</columnDependencyConstraintGenerateInDDL>
</FKIndexAssociation>