<?xml version = '1.0' encoding = 'UTF-8'?>
<FKIndexAssociation class="oracle.dbtools.crest.model.design.relational.FKIndexAssociation" directorySegmentName="seg_0" id="DB813022-44C4-F31B-4E6F-F299287C615F" containerWithKeyObject="28EFE78A-BBED-D12D-3812-81FD556CB687" localFKIndex="B047BC65-5CB5-A6A6-3D0D-49F91E8D24A1" name="SUCURSAL_COMUNA_FK">
<createdBy>dragu</createdBy>
<createdTime>2026-02-09 23:42:57 UTC</createdTime>
<generatorID>CFE246F2-52CC-6D32-AF2D-DE98403485B0</generatorID>
<ownerDesignName>s5_roberto_sandoval</ownerDesignName>
<referredTableLongName>COMUNA</referredTableLongName>
<deleteRule>NO ACTION</deleteRule>
<referredTableID>55999B2D-EA14-697C-802E-58862392E148</referredTableID>
<keyObject>321CC589-D508-221B-571C-7186AA3E016C</keyObject>
<referredKeyID>321CC589-D508-221B-571C-7186AA3E016C</referredKeyID>
<mandatory>true</mandatory>
<refColNames>ID_COMUNA</refColNames>
<transferable>true</transferable>
<rely>false</rely>
<columnDependencyConstraintGenerateInDDL>true</columnDependencyConstraintGenerateInDDL>
</FKIndexAssociation>