<?xml version = '1.0' encoding = 'UTF-8'?>
<FKIndexAssociation class="oracle.dbtools.crest.model.design.relational.FKIndexAssociation" directorySegmentName="seg_0" id="FB84E89C-98EF-AD33-8FC5-4F0ADCD8560A" containerWithKeyObject="D9CF534F-BAEF-4E4D-8DD6-BCAFAFECC7DC" localFKIndex="7E192EAC-D019-0A31-EF5E-74B2238C47FD" name="MODELO_MARCA_FK">
<createdBy>dragu</createdBy>
<createdTime>2026-02-09 23:42:57 UTC</createdTime>
<generatorID>2D8DE255-F732-E66B-BD3D-D1F0351C0CF7</generatorID>
<ownerDesignName>s5_roberto_sandoval</ownerDesignName>
<referredTableLongName>MARCA</referredTableLongName>
<deleteRule>NO ACTION</deleteRule>
<referredTableID>ADE2D021-53A8-8BB7-A815-C2C071DE143D</referredTableID>
<keyObject>48D7A251-CEBF-6DE5-ED92-613FABB2B87A</keyObject>
<referredKeyID>48D7A251-CEBF-6DE5-ED92-613FABB2B87A</referredKeyID>
<mandatory>false</mandatory>
<refColNames>ID_MARCA</refColNames>
<transferable>true</transferable>
<rely>false</rely>
<columnDependencyConstraintGenerateInDDL>true</columnDependencyConstraintGenerateInDDL>
</FKIndexAssociation>