<?xml version = '1.0' encoding = 'UTF-8'?>
<Table class="oracle.dbtools.crest.model.design.relational.Table" directorySegmentName="seg_0" id="1350FD2E-EAEF-0372-BB29-56A4CA67F146" name="PERSONA">
<createdBy>dragu</createdBy>
<createdTime>2026-02-09 23:42:57 UTC</createdTime>
<generatorID>981CF170-3E3D-6EFE-ACFA-308B7B3A3FCE</generatorID>
<ownerDesignName>s5_roberto_sandoval</ownerDesignName>
<allowColumnReorder>false</allowColumnReorder>
<existDependencyGenerateInDDl>true</existDependencyGenerateInDDl>
<parsed>true</parsed>
<columns itemClass="oracle.dbtools.crest.model.design.relational.Column">
<Column name="ID_PROVEEDOR" id="E1CB0983-4C92-846E-09F9-835BDD025421">
<createdBy>dragu</createdBy>
<createdTime>2026-02-09 23:42:57 UTC</createdTime>
<generatorID>4935BC8B-F9F5-2AC1-2E00-75C99B1B5CE7</generatorID>
<ownerDesignName>s5_roberto_sandoval</ownerDesignName>
<useDomainConstraints>false</useDomainConstraints>
<use>1</use>
<logicalDatatype>LOGDT019</logicalDatatype>
<dataTypePrecision>10</dataTypePrecision>
<ownDataTypeParameters>,10,</ownDataTypeParameters>
<autoIncrementCycle>false</autoIncrementCycle>
<associations>
<colAssociation fkAssociation="1E2BBBFB-3B95-284E-C2E6-0F39D2EF161B" referredColumn="38BB1073-B6CB-FFD2-98D5-D10936D88159"/>
</associations>
</Column>
<Column name="RUT_PERSONA" id="00A58BD7-7903-4B9B-5944-4176B4797769">
<createdBy>dragu</createdBy>
<createdTime>2026-02-09 23:42:57 UTC</createdTime>
<generatorID>9085DFFE-0A72-6B88-DB76-5F55CE1897C9</generatorID>
<ownerDesignName>s5_roberto_sandoval</ownerDesignName>
<useDomainConstraints>false</useDomainConstraints>
<use>1</use>
<logicalDatatype>LOGDT024</logicalDatatype>
<dataTypeSize>12</dataTypeSize>
<ownDataTypeParameters>12,,</ownDataTypeParameters>
<autoIncrementCycle>false</autoIncrementCycle>
</Column>
<Column name="NOMBRE" id="4DC6CB93-873C-0D06-12C1-31A04239CEB2">
<createdBy>dragu</createdBy>
<createdTime>2026-02-09 23:42:57 UTC</createdTime>
<generatorID>77DF6AAB-C847-4E0C-8983-CE525202A5CF</generatorID>
<ownerDesignName>s5_roberto_sandoval</ownerDesignName>
<useDomainConstraints>false</useDomainConstraints>
<use>1</use>
<logicalDatatype>LOGDT024</logicalDatatype>
<dataTypeSize>50</dataTypeSize>
<ownDataTypeParameters>50,,</ownDataTypeParameters>
<autoIncrementCycle>false</autoIncrementCycle>
</Column>
<Column name="APELLIDO_PATERNO" id="631F17B0-6E8B-DC02-6578-DAA205749926">
<createdBy>dragu</createdBy>
<createdTime>2026-02-09 23:42:57 UTC</createdTime>
<generatorID>74210A15-A4A1-1EB5-5CF4-662948963ABB</generatorID>
<ownerDesignName>s5_roberto_sandoval</ownerDesignName>
<useDomainConstraints>false</useDomainConstraints>
<use>1</use>
<logicalDatatype>LOGDT024</logicalDatatype>
<dataTypeSize>50</dataTypeSize>
<ownDataTypeParameters>50,,</ownDataTypeParameters>
<autoIncrementCycle>false</autoIncrementCycle>
</Column>
<Column name="APELLIDO_MATERNO" id="CD83B058-5861-F238-17BD-87BE856CD78E">
<createdBy>dragu</createdBy>
<createdTime>2026-02-09 23:42:57 UTC</createdTime>
<generatorID>2F3636D0-30A4-8596-94C0-7F4D5B936F24</generatorID>
<ownerDesignName>s5_roberto_sandoval</ownerDesignName>
<useDomainConstraints>false</useDomainConstraints>
<use>1</use>
<logicalDatatype>LOGDT024</logicalDatatype>
<dataTypeSize>50</dataTypeSize>
<ownDataTypeParameters>50,,</ownDataTypeParameters>
<autoIncrementCycle>false</autoIncrementCycle>
</Column>
<Column name="TELEFONO" id="1F83E59C-E4A2-9128-B14A-B22190EAD67D">
<createdBy>dragu</createdBy>
<createdTime>2026-02-10 00:25:11 UTC</createdTime>
<generatorID>8BDC1C51-3927-5292-815E-5984D451758B</generatorID>
<ownerDesignName>s5_roberto_sandoval</ownerDesignName>
<useDomainConstraints>false</useDomainConstraints>
<use>1</use>
<logicalDatatype>LOGDT024</logicalDatatype>
<dataTypeSize>15</dataTypeSize>
<ownDataTypeParameters>15,,</ownDataTypeParameters>
<autoIncrementCycle>false</autoIncrementCycle>
</Column>
<Column name="CORREO" id="02D6F5FD-980B-BF8D-AFAD-78649B907707">
<createdBy>dragu</createdBy>
<createdTime>2026-02-10 00:25:11 UTC</createdTime>
<generatorID>355FB8D8-C140-5C1F-2678-B181D96AD206</generatorID>
<ownerDesignName>s5_roberto_sandoval</ownerDesignName>
<useDomainConstraints>false</useDomainConstraints>
<use>1</use>
<logicalDatatype>LOGDT024</logicalDatatype>
<dataTypeSize>100</dataTypeSize>
<ownDataTypeParameters>100,,</ownDataTypeParameters>
<autoIncrementCycle>false</autoIncrementCycle>
</Column>
<Column name="TIPO_PROVEEDOR" id="00ECC4B6-AA0B-06D8-E3C1-2DB4BB4A3985">
<createdBy>dragu</createdBy>
<createdTime>2026-02-10 00:25:11 UTC</createdTime>
<generatorID>4917EF04-1D7E-E440-EAE0-64B0F953ADED</generatorID>
<ownerDesignName>s5_roberto_sandoval</ownerDesignName>
<useDomainConstraints>false</useDomainConstraints>
<use>1</use>
<logicalDatatype>LOGDT024</logicalDatatype>
<dataTypeSize>1</dataTypeSize>
<ownDataTypeParameters>1,,</ownDataTypeParameters>
<autoIncrementCycle>false</autoIncrementCycle>
</Column>
</columns>
<indexes itemClass="oracle.dbtools.crest.model.design.relational.Index">
<ind_PK_UK id="3D8FDD98-9013-0FC2-BCFA-BAAD28C219F9" name="PERSONA_PK">
<createdBy>dragu</createdBy>
<createdTime>2026-02-09 23:42:57 UTC</createdTime>
<generatorID>5640B7F8-52D2-5BCB-3CB9-3C26A4052243</generatorID>
<ownerDesignName>s5_roberto_sandoval</ownerDesignName>
<pk>true</pk>
<indexState>Primary Constraint</indexState>
<isSurrogateKey>false</isSurrogateKey>
<indexColumnUsage>
<colUsage columnID="E1CB0983-4C92-846E-09F9-835BDD025421"/>
</indexColumnUsage>
</ind_PK_UK>
<ind_PK_UK id="D9002C86-0468-EA0A-9C9A-34D8B747E586" name="PERSONA_PKv1">
<createdBy>dragu</createdBy>
<createdTime>2026-02-09 23:42:57 UTC</createdTime>
<generatorID>69A32CC8-4613-220C-3503-A9FACF856A5D</generatorID>
<ownerDesignName>s5_roberto_sandoval</ownerDesignName>
<indexState>Unique Constraint</indexState>
<isSurrogateKey>false</isSurrogateKey>
<indexColumnUsage>
<colUsage columnID="00A58BD7-7903-4B9B-5944-4176B4797769"/>
</indexColumnUsage>
</ind_PK_UK>
<ind_PK_UK id="6ADD8D48-3F63-F0E6-E4BE-5FB23C6BBE69" name="PERSONA_PROVEEDOR_FK">
<createdBy>dragu</createdBy>
<createdTime>2026-02-09 23:42:57 UTC</createdTime>
<generatorID>63755AA3-A1FA-073E-33DE-AB87483F48F3</generatorID>
<ownerDesignName>s5_roberto_sandoval</ownerDesignName>
<indexState>Foreign Key</indexState>
<isSurrogateKey>false</isSurrogateKey>
<indexColumnUsage>
<colUsage columnID="E1CB0983-4C92-846E-09F9-835BDD025421"/>
</indexColumnUsage>
</ind_PK_UK>
</indexes>
</Table>