<?xml version = '1.0' encoding = 'UTF-8'?>
<Table class="oracle.dbtools.crest.model.design.relational.Table" directorySegmentName="seg_0" id="1D9E0157-BEFB-8E6D-FA04-7D6263B72BA5" name="PRODUCTO">
<createdBy>dragu</createdBy>
<createdTime>2026-02-09 23:42:57 UTC</createdTime>
<generatorID>E8E007FF-A9C7-7C9D-5234-25DD1E90C8A0</generatorID>
<ownerDesignName>s5_roberto_sandoval</ownerDesignName>
<allowColumnReorder>false</allowColumnReorder>
<existDependencyGenerateInDDl>true</existDependencyGenerateInDDl>
<parsed>true</parsed>
<columns itemClass="oracle.dbtools.crest.model.design.relational.Column">
<Column name="ID_PRODUCTO" id="050C5CE9-7E3B-92C8-C61C-5E449DFE6F0C">
<createdBy>dragu</createdBy>
<createdTime>2026-02-09 23:42:57 UTC</createdTime>
<generatorID>9C0B4263-B7DF-0AEC-B867-DF19CE501FF2</generatorID>
<ownerDesignName>s5_roberto_sandoval</ownerDesignName>
<useDomainConstraints>false</useDomainConstraints>
<use>1</use>
<logicalDatatype>LOGDT019</logicalDatatype>
<dataTypePrecision>10</dataTypePrecision>
<ownDataTypeParameters>,10,</ownDataTypeParameters>
<autoIncrementCycle>false</autoIncrementCycle>
</Column>
<Column name="NOMBRE_PRODUCTO" id="260B3DE0-408A-CBE3-DF30-93D2704704B5">
<createdBy>dragu</createdBy>
<createdTime>2026-02-09 23:42:57 UTC</createdTime>
<generatorID>9AFB004B-D918-7708-FF31-98D9B562EADD</generatorID>
<ownerDesignName>s5_roberto_sandoval</ownerDesignName>
<useDomainConstraints>false</useDomainConstraints>
<use>1</use>
<logicalDatatype>LOGDT024</logicalDatatype>
<dataTypeSize>100</dataTypeSize>
<ownDataTypeParameters>100,,</ownDataTypeParameters>
<autoIncrementCycle>false</autoIncrementCycle>
</Column>
<Column name="DESCRIPCION" id="6D2CAA3B-60C5-38AF-A493-AD7EE0186E4E">
<createdBy>dragu</createdBy>
<createdTime>2026-02-09 23:42:57 UTC</createdTime>
<generatorID>CD68124D-EC2C-8A97-698A-7FF872B86321</generatorID>
<ownerDesignName>s5_roberto_sandoval</ownerDesignName>
<nullsAllowed>true</nullsAllowed>
<useDomainConstraints>false</useDomainConstraints>
<use>1</use>
<logicalDatatype>LOGDT024</logicalDatatype>
<dataTypeSize>255</dataTypeSize>
<ownDataTypeParameters>255,,</ownDataTypeParameters>
<autoIncrementCycle>false</autoIncrementCycle>
</Column>
<Column name="PRECIO_UNITARIO" id="7D81C3A3-ACE3-33B0-2D62-80EE0458D22D">
<createdBy>dragu</createdBy>
<createdTime>2026-02-09 23:42:57 UTC</createdTime>
<generatorID>6992E64D-149C-C1AE-3D8D-852C1A79AFB9</generatorID>
<ownerDesignName>s5_roberto_sandoval</ownerDesignName>
<useDomainConstraints>false</useDomainConstraints>
<use>1</use>
<logicalDatatype>LOGDT019</logicalDatatype>
<dataTypePrecision>10</dataTypePrecision>
<ownDataTypeParameters>,10,</ownDataTypeParameters>
<autoIncrementCycle>false</autoIncrementCycle>
</Column>
<Column name="CATEGORIA_ID_CATEGORIA" id="B2764B53-4579-6314-6033-CF31B2785E41">
<createdBy>dragu</createdBy>
<createdTime>2026-02-09 23:42:57 UTC</createdTime>
<generatorID>93C9F1D9-0CC0-CBA7-B47C-38B0AE7D2414</generatorID>
<ownerDesignName>s5_roberto_sandoval</ownerDesignName>
<useDomainConstraints>false</useDomainConstraints>
<use>1</use>
<logicalDatatype>LOGDT019</logicalDatatype>
<dataTypePrecision>10</dataTypePrecision>
<ownDataTypeParameters>,10,</ownDataTypeParameters>
<previousColumn>false</previousColumn>
<autoIncrementCycle>false</autoIncrementCycle>
<associations>
<colAssociation fkAssociation="64D79DB8-4F6F-C139-3D38-E4AE685CC9EF" referredColumn="F7A29378-6A25-4AD9-AB12-FB030A2D747E"/>
</associations>
</Column>
<Column name="MODELO_ID_MODELO" id="1AE4C609-AB09-06FE-6CFD-CAE1ABA6EA40">
<createdBy>dragu</createdBy>
<createdTime>2026-02-09 23:42:57 UTC</createdTime>
<generatorID>00D514F3-296E-3845-7E89-403A6A813793</generatorID>
<ownerDesignName>s5_roberto_sandoval</ownerDesignName>
<useDomainConstraints>false</useDomainConstraints>
<use>1</use>
<logicalDatatype>LOGDT019</logicalDatatype>
<dataTypePrecision>10</dataTypePrecision>
<ownDataTypeParameters>,10,</ownDataTypeParameters>
<previousColumn>false</previousColumn>
<autoIncrementCycle>false</autoIncrementCycle>
<associations>
<colAssociation fkAssociation="D7C7275E-7C45-AE1D-BF83-67E0FC292189" referredColumn="DAC03B9D-F086-EC39-1A9F-22575F47BFF7"/>
</associations>
</Column>
<Column name="SUCURSAL_ID_SUCURSAL" id="EF47CAC1-4EFA-0183-ADA9-8E776471BBDC">
<createdBy>dragu</createdBy>
<createdTime>2026-02-09 23:42:57 UTC</createdTime>
<generatorID>E919884E-FC08-11C7-F42B-A4ED6070E859</generatorID>
<ownerDesignName>s5_roberto_sandoval</ownerDesignName>
<nullsAllowed>true</nullsAllowed>
<useDomainConstraints>false</useDomainConstraints>
<use>1</use>
<logicalDatatype>LOGDT019</logicalDatatype>
<dataTypePrecision>10</dataTypePrecision>
<ownDataTypeParameters>,10,</ownDataTypeParameters>
<previousColumn>false</previousColumn>
<autoIncrementCycle>false</autoIncrementCycle>
<associations>
<colAssociation fkAssociation="C6C9F036-72CE-2B0D-EDB1-5C72E421BE79" referredColumn="F0F8A7D7-57AB-F2D0-C083-B609D9FAD984"/>
</associations>
</Column>
<Column name="FECHA_VENCIMIENTO" id="37BCC989-7046-C931-E85E-1C23DB8C9A10">
<createdBy>dragu</createdBy>
<createdTime>2026-02-09 23:42:57 UTC</createdTime>
<generatorID>B21932BC-B10A-4B45-4CE4-D4CE32A0D873</generatorID>
<ownerDesignName>s5_roberto_sandoval</ownerDesignName>
<nullsAllowed>true</nullsAllowed>
<useDomainConstraints>false</useDomainConstraints>
<use>1</use>
<logicalDatatype>LOGDT007</logicalDatatype>
<ownDataTypeParameters>,,</ownDataTypeParameters>
<autoIncrementCycle>false</autoIncrementCycle>
</Column>
</columns>
<indexes itemClass="oracle.dbtools.crest.model.design.relational.Index">
<ind_PK_UK id="6E11F0E6-BAE9-8EDE-ED1C-C89186D4738F" name="PRODUCTO_PK">
<createdBy>dragu</createdBy>
<createdTime>2026-02-09 23:42:57 UTC</createdTime>
<generatorID>94350176-B3AD-3B7E-7210-1EC2E83CABA2</generatorID>
<ownerDesignName>s5_roberto_sandoval</ownerDesignName>
<pk>true</pk>
<indexState>Primary Constraint</indexState>
<isSurrogateKey>false</isSurrogateKey>
<indexColumnUsage>
<colUsage columnID="050C5CE9-7E3B-92C8-C61C-5E449DFE6F0C"/>
</indexColumnUsage>
</ind_PK_UK>
<ind_PK_UK id="F19D0BE3-4650-399E-5F00-B961FEE18217" name="PRODUCTO_SUCURSAL_FK">
<createdBy>dragu</createdBy>
<createdTime>2026-02-09 23:42:57 UTC</createdTime>
<generatorID>688DF515-9E69-C133-CAE5-CD8DD09607CD</generatorID>
<ownerDesignName>s5_roberto_sandoval</ownerDesignName>
<indexState>Foreign Key</indexState>
<isSurrogateKey>false</isSurrogateKey>
<indexColumnUsage>
<colUsage columnID="EF47CAC1-4EFA-0183-ADA9-8E776471BBDC"/>
</indexColumnUsage>
</ind_PK_UK>
<ind_PK_UK id="0E61533D-19B9-F99C-D7FE-F3E948B41A51" name="PRODUCTO_CATEGORIA_FK">
<createdBy>dragu</createdBy>
<createdTime>2026-02-09 23:42:57 UTC</createdTime>
<generatorID>B7233889-F61C-D338-1E73-55217D734303</generatorID>
<ownerDesignName>s5_roberto_sandoval</ownerDesignName>
<indexState>Foreign Key</indexState>
<isSurrogateKey>false</isSurrogateKey>
<indexColumnUsage>
<colUsage columnID="B2764B53-4579-6314-6033-CF31B2785E41"/>
</indexColumnUsage>
</ind_PK_UK>
<ind_PK_UK id="AE2BBAD9-C916-ACEF-C64B-E47C393AE270" name="PRODUCTO_MODELO_FK">
<createdBy>dragu</createdBy>
<createdTime>2026-02-09 23:42:57 UTC</createdTime>
<generatorID>E1DE4FF8-C77A-A4BC-D7F7-0477952CD27F</generatorID>
<ownerDesignName>s5_roberto_sandoval</ownerDesignName>
<indexState>Foreign Key</indexState>
<isSurrogateKey>false</isSurrogateKey>
<indexColumnUsage>
<colUsage columnID="1AE4C609-AB09-06FE-6CFD-CAE1ABA6EA40"/>
</indexColumnUsage>
</ind_PK_UK>
</indexes>
</Table>