<?xml version = '1.0' encoding = 'UTF-8'?>
<Table class="oracle.dbtools.crest.model.design.relational.Table" directorySegmentName="seg_0" id="28EFE78A-BBED-D12D-3812-81FD556CB687" name="SUCURSAL">
<createdBy>dragu</createdBy>
<createdTime>2026-02-09 23:42:57 UTC</createdTime>
<generatorID>068EEF6E-1C18-0BDB-C9F6-21A915F55649</generatorID>
<ownerDesignName>s5_roberto_sandoval</ownerDesignName>
<allowColumnReorder>false</allowColumnReorder>
<existDependencyGenerateInDDl>true</existDependencyGenerateInDDl>
<parsed>true</parsed>
<columns itemClass="oracle.dbtools.crest.model.design.relational.Column">
<Column name="ID_SUCURSAL" id="F0F8A7D7-57AB-F2D0-C083-B609D9FAD984">
<createdBy>dragu</createdBy>
<createdTime>2026-02-09 23:42:57 UTC</createdTime>
<generatorID>FE98AF40-1D42-7A29-DBB3-7E8386555BD0</generatorID>
<ownerDesignName>s5_roberto_sandoval</ownerDesignName>
<useDomainConstraints>false</useDomainConstraints>
<use>1</use>
<logicalDatatype>LOGDT019</logicalDatatype>
<dataTypePrecision>10</dataTypePrecision>
<ownDataTypeParameters>,10,</ownDataTypeParameters>
<autoIncrementCycle>false</autoIncrementCycle>
</Column>
<Column name="NOMBRE_SUCURSAL" id="3A041ED0-53AA-7941-7768-F85098DCFD66">
<createdBy>dragu</createdBy>
<createdTime>2026-02-09 23:42:57 UTC</createdTime>
<generatorID>313E0DC4-F7EF-58FE-E29E-8872A4019E90</generatorID>
<ownerDesignName>s5_roberto_sandoval</ownerDesignName>
<useDomainConstraints>false</useDomainConstraints>
<use>1</use>
<logicalDatatype>LOGDT024</logicalDatatype>
<dataTypeSize>50</dataTypeSize>
<ownDataTypeParameters>50,,</ownDataTypeParameters>
<autoIncrementCycle>false</autoIncrementCycle>
</Column>
<Column name="DIRECCION" id="43DC842A-7A18-7695-F428-CF28B0153A7F">
<createdBy>dragu</createdBy>
<createdTime>2026-02-09 23:42:57 UTC</createdTime>
<generatorID>C9ABCEE4-9EF1-E783-3E87-A899EF769669</generatorID>
<ownerDesignName>s5_roberto_sandoval</ownerDesignName>
<useDomainConstraints>false</useDomainConstraints>
<use>1</use>
<logicalDatatype>LOGDT024</logicalDatatype>
<dataTypeSize>100</dataTypeSize>
<ownDataTypeParameters>100,,</ownDataTypeParameters>
<autoIncrementCycle>false</autoIncrementCycle>
</Column>
<Column name="COMUNA_ID_COMUNA" id="CEEACA39-FD47-E718-E101-7DAAE57D2C1A">
<createdBy>dragu</createdBy>
<createdTime>2026-02-09 23:42:57 UTC</createdTime>
<generatorID>DD4EBE9C-719E-2949-5D1A-0FBC45D86575</generatorID>
<ownerDesignName>s5_roberto_sandoval</ownerDesignName>
<useDomainConstraints>false</useDomainConstraints>
<use>1</use>
<logicalDatatype>LOGDT019</logicalDatatype>
<dataTypePrecision>10</dataTypePrecision>
<ownDataTypeParameters>,10,</ownDataTypeParameters>
<previousColumn>false</previousColumn>
<autoIncrementCycle>false</autoIncrementCycle>
<associations>
<colAssociation fkAssociation="DB813022-44C4-F31B-4E6F-F299287C615F" referredColumn="CCE0CBE8-072E-2974-CD94-D199215AC4CE"/>
</associations>
</Column>
</columns>
<indexes itemClass="oracle.dbtools.crest.model.design.relational.Index">
<ind_PK_UK id="47001CA8-769D-2C5C-77C0-80AAD1B60E2D" name="SUCURSAL_PK">
<createdBy>dragu</createdBy>
<createdTime>2026-02-09 23:42:57 UTC</createdTime>
<generatorID>5ABE5168-EE11-CD54-2AE5-F09AF81DE939</generatorID>
<ownerDesignName>s5_roberto_sandoval</ownerDesignName>
<pk>true</pk>
<indexState>Primary Constraint</indexState>
<isSurrogateKey>false</isSurrogateKey>
<indexColumnUsage>
<colUsage columnID="F0F8A7D7-57AB-F2D0-C083-B609D9FAD984"/>
</indexColumnUsage>
</ind_PK_UK>
<ind_PK_UK id="B047BC65-5CB5-A6A6-3D0D-49F91E8D24A1" name="SUCURSAL_COMUNA_FK">
<createdBy>dragu</createdBy>
<createdTime>2026-02-09 23:42:57 UTC</createdTime>
<generatorID>CFE246F2-52CC-6D32-AF2D-DE98403485B0</generatorID>
<ownerDesignName>s5_roberto_sandoval</ownerDesignName>
<indexState>Foreign Key</indexState>
<isSurrogateKey>false</isSurrogateKey>
<indexColumnUsage>
<colUsage columnID="CEEACA39-FD47-E718-E101-7DAAE57D2C1A"/>
</indexColumnUsage>
</ind_PK_UK>
</indexes>
</Table>