<?xml version = '1.0' encoding = 'UTF-8'?>
<Table class="oracle.dbtools.crest.model.design.relational.Table" directorySegmentName="seg_0" id="38512142-B18E-3192-83D9-4CBABA28A570" name="BOLETA">
<createdBy>dragu</createdBy>
<createdTime>2026-02-09 23:42:57 UTC</createdTime>
<generatorID>A13272E2-81DE-3D01-BAD9-A08178FFAC9C</generatorID>
<ownerDesignName>s5_roberto_sandoval</ownerDesignName>
<allowColumnReorder>false</allowColumnReorder>
<existDependencyGenerateInDDl>true</existDependencyGenerateInDDl>
<parsed>true</parsed>
<columns itemClass="oracle.dbtools.crest.model.design.relational.Column">
<Column name="NUMERO_BOLETA" id="F91A303D-FC1C-13A4-B88B-55F67E8E38CF">
<createdBy>dragu</createdBy>
<createdTime>2026-02-09 23:42:57 UTC</createdTime>
<generatorID>46EA1B12-1038-7DB3-2230-7F188BB73946</generatorID>
<ownerDesignName>s5_roberto_sandoval</ownerDesignName>
<useDomainConstraints>false</useDomainConstraints>
<use>1</use>
<logicalDatatype>LOGDT019</logicalDatatype>
<ownDataTypeParameters>,,</ownDataTypeParameters>
<autoIncrementCycle>false</autoIncrementCycle>
</Column>
<Column name="CANTIDAD" id="17860D45-DA33-DCC4-B148-6AC2F62538F2">
<createdBy>dragu</createdBy>
<createdTime>2026-02-09 23:42:57 UTC</createdTime>
<generatorID>BA0916AE-0C17-62C3-0D88-463099E3DCC1</generatorID>
<ownerDesignName>s5_roberto_sandoval</ownerDesignName>
<useDomainConstraints>false</useDomainConstraints>
<use>1</use>
<logicalDatatype>LOGDT019</logicalDatatype>
<ownDataTypeParameters>,,</ownDataTypeParameters>
<autoIncrementCycle>false</autoIncrementCycle>
</Column>
<Column name="FECHA" id="C6FF4C20-17AC-9345-CAF6-CB6F71BD66B5">
<createdBy>dragu</createdBy>
<createdTime>2026-02-09 23:42:57 UTC</createdTime>
<generatorID>BA7BC4B4-954C-61BA-40E0-B3A0DCAB3779</generatorID>
<ownerDesignName>s5_roberto_sandoval</ownerDesignName>
<useDomainConstraints>false</useDomainConstraints>
<use>1</use>
<logicalDatatype>LOGDT007</logicalDatatype>
<ownDataTypeParameters>,,</ownDataTypeParameters>
<autoIncrementCycle>false</autoIncrementCycle>
</Column>
<Column name="MONTO_TOTAL" id="61D24CF8-76BB-DA5F-C5FC-DF96A50A1046">
<createdBy>dragu</createdBy>
<createdTime>2026-02-09 23:42:57 UTC</createdTime>
<generatorID>4368C68B-6205-4E0A-7975-D02ACDA94CF6</generatorID>
<ownerDesignName>s5_roberto_sandoval</ownerDesignName>
<useDomainConstraints>false</useDomainConstraints>
<use>1</use>
<logicalDatatype>LOGDT019</logicalDatatype>
<ownDataTypeParameters>,,</ownDataTypeParameters>
<autoIncrementCycle>false</autoIncrementCycle>
</Column>
<Column name="DESCRIPCION" id="00550D30-0D81-7929-337E-3242B8EDCBEF">
<createdBy>dragu</createdBy>
<createdTime>2026-02-09 23:42:57 UTC</createdTime>
<generatorID>A08A40A6-A697-C087-78E3-9F973EAD0BDF</generatorID>
<ownerDesignName>s5_roberto_sandoval</ownerDesignName>
<useDomainConstraints>false</useDomainConstraints>
<use>1</use>
<logicalDatatype>LOGDT024</logicalDatatype>
<dataTypeSize>250</dataTypeSize>
<ownDataTypeParameters>250,,</ownDataTypeParameters>
<autoIncrementCycle>false</autoIncrementCycle>
</Column>
<Column name="PRECIO_UNITARIO" id="F4144A00-9B01-BFAD-ECF1-36C25B7EACE0">
<createdBy>dragu</createdBy>
<createdTime>2026-02-09 23:42:57 UTC</createdTime>
<generatorID>CED5289E-86FC-F5B9-3704-3DA6C046BA46</generatorID>
<ownerDesignName>s5_roberto_sandoval</ownerDesignName>
<useDomainConstraints>false</useDomainConstraints>
<use>1</use>
<logicalDatatype>LOGDT019</logicalDatatype>
<ownDataTypeParameters>,,</ownDataTypeParameters>
<autoIncrementCycle>false</autoIncrementCycle>
</Column>
<Column name="SUCURSAL_ID_SUCURSAL" id="376B7E2C-DB5E-2408-43B9-1BD158867D6F">
<createdBy>dragu</createdBy>
<createdTime>2026-02-09 23:42:57 UTC</createdTime>
<generatorID>4353ACF8-F037-B5DA-9DB7-1D5224C4F55A</generatorID>
<ownerDesignName>s5_roberto_sandoval</ownerDesignName>
<useDomainConstraints>false</useDomainConstraints>
<use>1</use>
<logicalDatatype>LOGDT019</logicalDatatype>
<dataTypePrecision>10</dataTypePrecision>
<ownDataTypeParameters>,10,</ownDataTypeParameters>
<previousColumn>false</previousColumn>
<autoIncrementCycle>false</autoIncrementCycle>
<associations>
<colAssociation fkAssociation="0E659A78-C0AC-0F21-2D2B-CD5700A9359B" referredColumn="F0F8A7D7-57AB-F2D0-C083-B609D9FAD984"/>
</associations>
</Column>
<Column name="PROVEEDOR_ID_PROVEEDOR" id="B374E3F0-2F47-C3FA-C90D-C236D4632831">
<createdBy>dragu</createdBy>
<createdTime>2026-02-09 23:42:57 UTC</createdTime>
<generatorID>446FE8BB-B928-0B2D-C7D5-CAEA2A8C479A</generatorID>
<ownerDesignName>s5_roberto_sandoval</ownerDesignName>
<useDomainConstraints>false</useDomainConstraints>
<use>1</use>
<logicalDatatype>LOGDT019</logicalDatatype>
<dataTypePrecision>10</dataTypePrecision>
<ownDataTypeParameters>,10,</ownDataTypeParameters>
<previousColumn>false</previousColumn>
<autoIncrementCycle>false</autoIncrementCycle>
<associations>
<colAssociation fkAssociation="1C085E87-F3D1-6BD7-D60B-88A2E106202C" referredColumn="38BB1073-B6CB-FFD2-98D5-D10936D88159"/>
</associations>
</Column>
<Column name="CLIENTE_ID_CLIENTE" id="80BC781D-0708-E615-CF66-7FCBFE052A7C">
<createdBy>dragu</createdBy>
<createdTime>2026-02-09 23:42:57 UTC</createdTime>
<generatorID>113F0528-FE18-09F3-C073-C574B685445E</generatorID>
<ownerDesignName>s5_roberto_sandoval</ownerDesignName>
<useDomainConstraints>false</useDomainConstraints>
<use>1</use>
<logicalDatatype>LOGDT019</logicalDatatype>
<ownDataTypeParameters>,,</ownDataTypeParameters>
<previousColumn>false</previousColumn>
<autoIncrementCycle>false</autoIncrementCycle>
<associations>
<colAssociation fkAssociation="11E4F279-7834-E457-EAF8-335B5FE17578" referredColumn="8FF16821-A588-09BB-6258-6AE778DCD819"/>
</associations>
</Column>
</columns>
<indexes itemClass="oracle.dbtools.crest.model.design.relational.Index">
<ind_PK_UK id="19A4B1A1-AF81-6B4B-3D40-9ED60502B066" name="BOLETA_PK">
<createdBy>dragu</createdBy>
<createdTime>2026-02-09 23:42:57 UTC</createdTime>
<generatorID>36B239F4-74DB-6FB6-017D-66468213BEE4</generatorID>
<ownerDesignName>s5_roberto_sandoval</ownerDesignName>
<pk>true</pk>
<indexState>Primary Constraint</indexState>
<isSurrogateKey>false</isSurrogateKey>
<indexColumnUsage>
<colUsage columnID="F91A303D-FC1C-13A4-B88B-55F67E8E38CF"/>
</indexColumnUsage>
</ind_PK_UK>
<ind_PK_UK id="7052947D-68AB-ED1D-D1B8-5C1D00BA1CAF" name="BOLETA_SUCURSAL_FK">
<createdBy>dragu</createdBy>
<createdTime>2026-02-09 23:42:57 UTC</createdTime>
<generatorID>2475A272-5A41-CAA6-3AF7-F6788129D50F</generatorID>
<ownerDesignName>s5_roberto_sandoval</ownerDesignName>
<indexState>Foreign Key</indexState>
<isSurrogateKey>false</isSurrogateKey>
<indexColumnUsage>
<colUsage columnID="376B7E2C-DB5E-2408-43B9-1BD158867D6F"/>
</indexColumnUsage>
</ind_PK_UK>
<ind_PK_UK id="C785A036-F8D7-2F73-0E56-25F4EA68BE28" name="BOLETA_PROVEEDOR_FK">
<createdBy>dragu</createdBy>
<createdTime>2026-02-09 23:42:57 UTC</createdTime>
<generatorID>34107DEE-D380-CF47-D5E7-A53FEBD66E7F</generatorID>
<ownerDesignName>s5_roberto_sandoval</ownerDesignName>
<indexState>Foreign Key</indexState>
<isSurrogateKey>false</isSurrogateKey>
<indexColumnUsage>
<colUsage columnID="B374E3F0-2F47-C3FA-C90D-C236D4632831"/>
</indexColumnUsage>
</ind_PK_UK>
<ind_PK_UK id="D14986D2-C62B-E528-8416-11B9AC59C144" name="BOLETA_CLIENTE_FK">
<createdBy>dragu</createdBy>
<createdTime>2026-02-09 23:42:57 UTC</createdTime>
<generatorID>9586F1F8-B5BC-0A8F-81BE-E55DAEF26E2B</generatorID>
<ownerDesignName>s5_roberto_sandoval</ownerDesignName>
<indexState>Foreign Key</indexState>
<isSurrogateKey>false</isSurrogateKey>
<indexColumnUsage>
<colUsage columnID="80BC781D-0708-E615-CF66-7FCBFE052A7C"/>
</indexColumnUsage>
</ind_PK_UK>
</indexes>
</Table>