<?xml version = '1.0' encoding = 'UTF-8'?>
<Table class="oracle.dbtools.crest.model.design.relational.Table" directorySegmentName="seg_0" id="607F338D-825A-FC2F-56D5-10109B4D082C" name="PROVEEDOR">
<createdBy>dragu</createdBy>
<createdTime>2026-02-09 23:42:57 UTC</createdTime>
<generatorID>AA441E29-A39C-2D28-29C8-CF286DFBD7D9</generatorID>
<ownerDesignName>s5_roberto_sandoval</ownerDesignName>
<allowColumnReorder>false</allowColumnReorder>
<existDependencyGenerateInDDl>true</existDependencyGenerateInDDl>
<parsed>true</parsed>
<columns itemClass="oracle.dbtools.crest.model.design.relational.Column">
<Column name="ID_PROVEEDOR" id="38BB1073-B6CB-FFD2-98D5-D10936D88159">
<createdBy>dragu</createdBy>
<createdTime>2026-02-09 23:42:57 UTC</createdTime>
<generatorID>4935BC8B-F9F5-2AC1-2E00-75C99B1B5CE7</generatorID>
<ownerDesignName>s5_roberto_sandoval</ownerDesignName>
<useDomainConstraints>false</useDomainConstraints>
<use>1</use>
<logicalDatatype>LOGDT019</logicalDatatype>
<dataTypePrecision>10</dataTypePrecision>
<ownDataTypeParameters>,10,</ownDataTypeParameters>
<autoIncrementCycle>false</autoIncrementCycle>
</Column>
<Column name="TELEFONO" id="EA113DEF-E8A7-A361-2A20-5BF8D2FC099B">
<createdBy>dragu</createdBy>
<createdTime>2026-02-09 23:42:57 UTC</createdTime>
<generatorID>8BDC1C51-3927-5292-815E-5984D451758B</generatorID>
<ownerDesignName>s5_roberto_sandoval</ownerDesignName>
<useDomainConstraints>false</useDomainConstraints>
<use>1</use>
<logicalDatatype>LOGDT024</logicalDatatype>
<dataTypeSize>15</dataTypeSize>
<ownDataTypeParameters>15,,</ownDataTypeParameters>
<autoIncrementCycle>false</autoIncrementCycle>
</Column>
<Column name="CORREO" id="5D90DA5B-3D5B-0B41-F4AD-B5957243D41A">
<createdBy>dragu</createdBy>
<createdTime>2026-02-09 23:42:57 UTC</createdTime>
<generatorID>355FB8D8-C140-5C1F-2678-B181D96AD206</generatorID>
<ownerDesignName>s5_roberto_sandoval</ownerDesignName>
<useDomainConstraints>false</useDomainConstraints>
<use>1</use>
<logicalDatatype>LOGDT024</logicalDatatype>
<dataTypeSize>100</dataTypeSize>
<ownDataTypeParameters>100,,</ownDataTypeParameters>
<autoIncrementCycle>false</autoIncrementCycle>
</Column>
<Column name="TIPO_PROVEEDOR" id="B4B2B0E0-1F66-CB6F-05A4-7CB4D8677598">
<createdBy>dragu</createdBy>
<createdTime>2026-02-09 23:42:57 UTC</createdTime>
<generatorID>4917EF04-1D7E-E440-EAE0-64B0F953ADED</generatorID>
<ownerDesignName>s5_roberto_sandoval</ownerDesignName>
<constraintName>CH_INH_PROVEEDOR</constraintName>
<useDomainConstraints>false</useDomainConstraints>
<use>1</use>
<logicalDatatype>LOGDT024</logicalDatatype>
<dataTypeSize>7</dataTypeSize>
<listOfValues>
<valueDef value="EMPRESA" description="entity EMPRESA"/>
<valueDef value="P" description="entity PROVEEDOR"/>
<valueDef value="PERSONA" description="entity PERSONA"/>
</listOfValues>
<ownDataTypeParameters>7,,</ownDataTypeParameters>
<autoIncrementCycle>false</autoIncrementCycle>
<isDiscriminatorColumn>true</isDiscriminatorColumn>
</Column>
</columns>
<indexes itemClass="oracle.dbtools.crest.model.design.relational.Index">
<ind_PK_UK id="D76C0DFE-C97E-C014-D200-A03044DE48CD" name="PROVEEDOR_PK">
<createdBy>dragu</createdBy>
<createdTime>2026-02-09 23:42:57 UTC</createdTime>
<generatorID>5640B7F8-52D2-5BCB-3CB9-3C26A4052243</generatorID>
<ownerDesignName>s5_roberto_sandoval</ownerDesignName>
<pk>true</pk>
<indexState>Primary Constraint</indexState>
<isSurrogateKey>false</isSurrogateKey>
<indexColumnUsage>
<colUsage columnID="38BB1073-B6CB-FFD2-98D5-D10936D88159"/>
</indexColumnUsage>
</ind_PK_UK>
</indexes>
</Table>