<?xml version = '1.0' encoding = 'UTF-8'?>
<Table class="oracle.dbtools.crest.model.design.relational.Table" directorySegmentName="seg_0" id="7083438F-B687-4040-AC40-6DC70E0B72F3" name="PROVINCIA">
<createdBy>dragu</createdBy>
<createdTime>2026-02-09 23:42:57 UTC</createdTime>
<generatorID>1627BA5F-1EEF-4D90-28E7-28A7C0E9B9EF</generatorID>
<ownerDesignName>s5_roberto_sandoval</ownerDesignName>
<allowColumnReorder>false</allowColumnReorder>
<existDependencyGenerateInDDl>true</existDependencyGenerateInDDl>
<parsed>true</parsed>
<columns itemClass="oracle.dbtools.crest.model.design.relational.Column">
<Column name="ID_PROVINCIA" id="DDA9FE63-4745-47F3-7999-228032A61A87">
<createdBy>dragu</createdBy>
<createdTime>2026-02-09 23:42:57 UTC</createdTime>
<generatorID>499AEB8C-1C18-A47C-C666-F8F33E636BA6</generatorID>
<ownerDesignName>s5_roberto_sandoval</ownerDesignName>
<useDomainConstraints>false</useDomainConstraints>
<use>1</use>
<logicalDatatype>LOGDT019</logicalDatatype>
<dataTypePrecision>10</dataTypePrecision>
<ownDataTypeParameters>,10,</ownDataTypeParameters>
<autoIncrementCycle>false</autoIncrementCycle>
</Column>
<Column name="NOMBRE_PROVINCIA" id="03DDD283-6FC6-4EC6-BB93-078578FECBFE">
<createdBy>dragu</createdBy>
<createdTime>2026-02-09 23:42:57 UTC</createdTime>
<generatorID>6F763FF2-4B34-0FD8-8562-79B2161AD4BC</generatorID>
<ownerDesignName>s5_roberto_sandoval</ownerDesignName>
<useDomainConstraints>false</useDomainConstraints>
<use>1</use>
<logicalDatatype>LOGDT024</logicalDatatype>
<dataTypeSize>50</dataTypeSize>
<ownDataTypeParameters>50,,</ownDataTypeParameters>
<autoIncrementCycle>false</autoIncrementCycle>
</Column>
<Column name="REGION_ID_REGION" id="C1AA0694-93E1-745C-635B-0629A17394D0">
<createdBy>dragu</createdBy>
<createdTime>2026-02-09 23:42:57 UTC</createdTime>
<generatorID>AC7667E3-09F6-870C-7BF3-42D007F75022</generatorID>
<ownerDesignName>s5_roberto_sandoval</ownerDesignName>
<nullsAllowed>true</nullsAllowed>
<useDomainConstraints>false</useDomainConstraints>
<use>1</use>
<logicalDatatype>LOGDT019</logicalDatatype>
<dataTypePrecision>10</dataTypePrecision>
<ownDataTypeParameters>,10,</ownDataTypeParameters>
<previousColumn>false</previousColumn>
<autoIncrementCycle>false</autoIncrementCycle>
<associations>
<colAssociation fkAssociation="270B29D8-9DA4-A0CC-7812-7CC073BA49DB" referredColumn="D349DDFA-CC40-E2E1-7BA9-833EB44A6A9B"/>
</associations>
</Column>
</columns>
<indexes itemClass="oracle.dbtools.crest.model.design.relational.Index">
<ind_PK_UK id="C4B6183D-E7CD-9C2D-CC31-8AB1AFB15668" name="PROVINCIA_PK">
<createdBy>dragu</createdBy>
<createdTime>2026-02-09 23:42:57 UTC</createdTime>
<generatorID>AEBC71C5-7268-7C04-2F5C-34E8DB573C41</generatorID>
<ownerDesignName>s5_roberto_sandoval</ownerDesignName>
<pk>true</pk>
<indexState>Primary Constraint</indexState>
<isSurrogateKey>false</isSurrogateKey>
<indexColumnUsage>
<colUsage columnID="DDA9FE63-4745-47F3-7999-228032A61A87"/>
</indexColumnUsage>
</ind_PK_UK>
<ind_PK_UK id="FF0201A3-4604-5E0E-61C0-DAB206FBF635" name="PROVINCIA_REGION_FK">
<createdBy>dragu</createdBy>
<createdTime>2026-02-09 23:42:57 UTC</createdTime>
<generatorID>7DBCE38C-ED6B-5576-6A03-F9C54F62F1E1</generatorID>
<ownerDesignName>s5_roberto_sandoval</ownerDesignName>
<indexState>Foreign Key</indexState>
<isSurrogateKey>false</isSurrogateKey>
<indexColumnUsage>
<colUsage columnID="C1AA0694-93E1-745C-635B-0629A17394D0"/>
</indexColumnUsage>
</ind_PK_UK>
</indexes>
</Table>