<?xml version = '1.0' encoding = 'UTF-8'?>
<Table class="oracle.dbtools.crest.model.design.relational.Table" directorySegmentName="seg_0" id="ADE2D021-53A8-8BB7-A815-C2C071DE143D" name="MARCA">
<createdBy>dragu</createdBy>
<createdTime>2026-02-09 23:42:57 UTC</createdTime>
<generatorID>3EAC997B-1A44-7B22-C1D1-034C2088EC84</generatorID>
<ownerDesignName>s5_roberto_sandoval</ownerDesignName>
<allowColumnReorder>false</allowColumnReorder>
<existDependencyGenerateInDDl>true</existDependencyGenerateInDDl>
<parsed>true</parsed>
<columns itemClass="oracle.dbtools.crest.model.design.relational.Column">
<Column name="ID_MARCA" id="0234F646-C0D3-3524-E5B2-BFCD8FA81CC6">
<createdBy>dragu</createdBy>
<createdTime>2026-02-09 23:42:57 UTC</createdTime>
<generatorID>895EAA91-B177-73B0-FD4E-C84E99860958</generatorID>
<ownerDesignName>s5_roberto_sandoval</ownerDesignName>
<useDomainConstraints>false</useDomainConstraints>
<use>1</use>
<logicalDatatype>LOGDT019</logicalDatatype>
<dataTypePrecision>10</dataTypePrecision>
<ownDataTypeParameters>,10,</ownDataTypeParameters>
<autoIncrementCycle>false</autoIncrementCycle>
</Column>
<Column name="NOMBRE_MARCA" id="E37B121C-ED71-736C-F813-2B2665122C11">
<createdBy>dragu</createdBy>
<createdTime>2026-02-09 23:42:57 UTC</createdTime>
<generatorID>86912509-6FFD-0884-1E00-C2C591A41042</generatorID>
<ownerDesignName>s5_roberto_sandoval</ownerDesignName>
<useDomainConstraints>false</useDomainConstraints>
<use>1</use>
<logicalDatatype>LOGDT024</logicalDatatype>
<dataTypeSize>50</dataTypeSize>
<ownDataTypeParameters>50,,</ownDataTypeParameters>
<autoIncrementCycle>false</autoIncrementCycle>
</Column>
</columns>
<indexes itemClass="oracle.dbtools.crest.model.design.relational.Index">
<ind_PK_UK id="48D7A251-CEBF-6DE5-ED92-613FABB2B87A" name="MARCA_PK">
<createdBy>dragu</createdBy>
<createdTime>2026-02-09 23:42:57 UTC</createdTime>
<generatorID>27591FBB-02BF-A9CA-EA6C-53E103359E08</generatorID>
<ownerDesignName>s5_roberto_sandoval</ownerDesignName>
<pk>true</pk>
<indexState>Primary Constraint</indexState>
<isSurrogateKey>false</isSurrogateKey>
<indexColumnUsage>
<colUsage columnID="0234F646-C0D3-3524-E5B2-BFCD8FA81CC6"/>
</indexColumnUsage>
</ind_PK_UK>
</indexes>
</Table>