<?xml version = '1.0' encoding = 'UTF-8'?>
<Table class="oracle.dbtools.crest.model.design.relational.Table" directorySegmentName="seg_0" id="D9CF534F-BAEF-4E4D-8DD6-BCAFAFECC7DC" name="MODELO">
<createdBy>dragu</createdBy>
<createdTime>2026-02-09 23:42:57 UTC</createdTime>
<generatorID>1B5AF054-9DCA-AEC8-0BA1-5F505C3D52EB</generatorID>
<ownerDesignName>s5_roberto_sandoval</ownerDesignName>
<allowColumnReorder>false</allowColumnReorder>
<existDependencyGenerateInDDl>true</existDependencyGenerateInDDl>
<parsed>true</parsed>
<columns itemClass="oracle.dbtools.crest.model.design.relational.Column">
<Column name="ID_MODELO" id="DAC03B9D-F086-EC39-1A9F-22575F47BFF7">
<createdBy>dragu</createdBy>
<createdTime>2026-02-09 23:42:57 UTC</createdTime>
<generatorID>91603D01-2AB9-D607-87C1-EC59CDE4A8C4</generatorID>
<ownerDesignName>s5_roberto_sandoval</ownerDesignName>
<useDomainConstraints>false</useDomainConstraints>
<use>1</use>
<logicalDatatype>LOGDT019</logicalDatatype>
<dataTypePrecision>10</dataTypePrecision>
<ownDataTypeParameters>,10,</ownDataTypeParameters>
<autoIncrementCycle>false</autoIncrementCycle>
</Column>
<Column name="NOMBRE_MODELO" id="5E293783-DF26-C7DB-4E51-DD5D5A834739">
<createdBy>dragu</createdBy>
<createdTime>2026-02-09 23:42:57 UTC</createdTime>
<generatorID>198F52D8-98B1-79DE-4BD3-567771801693</generatorID>
<ownerDesignName>s5_roberto_sandoval</ownerDesignName>
<useDomainConstraints>false</useDomainConstraints>
<use>1</use>
<logicalDatatype>LOGDT024</logicalDatatype>
<dataTypeSize>50</dataTypeSize>
<ownDataTypeParameters>50,,</ownDataTypeParameters>
<autoIncrementCycle>false</autoIncrementCycle>
</Column>
<Column name="MARCA_ID_MARCA" id="3D66B54D-AABD-6D0D-3086-2FF644354507">
<createdBy>dragu</createdBy>
<createdTime>2026-02-09 23:42:57 UTC</createdTime>
<generatorID>E23CA9EA-9055-DB90-D11F-2EF3B8C5C85C</generatorID>
<ownerDesignName>s5_roberto_sandoval</ownerDesignName>
<nullsAllowed>true</nullsAllowed>
<useDomainConstraints>false</useDomainConstraints>
<use>1</use>
<logicalDatatype>LOGDT019</logicalDatatype>
<dataTypePrecision>10</dataTypePrecision>
<ownDataTypeParameters>,10,</ownDataTypeParameters>
<previousColumn>false</previousColumn>
<autoIncrementCycle>false</autoIncrementCycle>
<associations>
<colAssociation fkAssociation="FB84E89C-98EF-AD33-8FC5-4F0ADCD8560A" referredColumn="0234F646-C0D3-3524-E5B2-BFCD8FA81CC6"/>
</associations>
</Column>
</columns>
<indexes itemClass="oracle.dbtools.crest.model.design.relational.Index">
<ind_PK_UK id="77E9E0C2-33AF-DB2D-71B2-C5E7E46B993B" name="MODELO_PK">
<createdBy>dragu</createdBy>
<createdTime>2026-02-09 23:42:57 UTC</createdTime>
<generatorID>CEBA6886-69ED-70AD-ED1F-6522E69759CA</generatorID>
<ownerDesignName>s5_roberto_sandoval</ownerDesignName>
<pk>true</pk>
<indexState>Primary Constraint</indexState>
<isSurrogateKey>false</isSurrogateKey>
<indexColumnUsage>
<colUsage columnID="DAC03B9D-F086-EC39-1A9F-22575F47BFF7"/>
</indexColumnUsage>
</ind_PK_UK>
<ind_PK_UK id="7E192EAC-D019-0A31-EF5E-74B2238C47FD" name="MODELO_MARCA_FK">
<createdBy>dragu</createdBy>
<createdTime>2026-02-09 23:42:57 UTC</createdTime>
<generatorID>2D8DE255-F732-E66B-BD3D-D1F0351C0CF7</generatorID>
<ownerDesignName>s5_roberto_sandoval</ownerDesignName>
<indexState>Foreign Key</indexState>
<isSurrogateKey>false</isSurrogateKey>
<indexColumnUsage>
<colUsage columnID="3D66B54D-AABD-6D0D-3086-2FF644354507"/>
</indexColumnUsage>
</ind_PK_UK>
</indexes>
</Table>