<?xml version = '1.0' encoding = 'UTF-8'?>
<Table class="oracle.dbtools.crest.model.design.relational.Table" directorySegmentName="seg_0" id="F43EAB61-AACC-2363-2B73-4EA5BCD74375" name="PROV_PROD">
<createdBy>dragu</createdBy>
<createdTime>2026-02-09 23:42:57 UTC</createdTime>
<ownerDesignName>s5_roberto_sandoval</ownerDesignName>
<allowColumnReorder>false</allowColumnReorder>
<existDependencyGenerateInDDl>true</existDependencyGenerateInDDl>
<parsed>true</parsed>
<columns itemClass="oracle.dbtools.crest.model.design.relational.Column">
<Column name="PROVEEDOR_ID_PROVEEDOR" id="B9BA74C3-4D1B-00A5-BB1C-29A63A6630FB">
<createdBy>dragu</createdBy>
<createdTime>2026-02-09 23:42:57 UTC</createdTime>
<ownerDesignName>s5_roberto_sandoval</ownerDesignName>
<useDomainConstraints>false</useDomainConstraints>
<use>1</use>
<logicalDatatype>LOGDT019</logicalDatatype>
<dataTypePrecision>10</dataTypePrecision>
<ownDataTypeParameters>,10,</ownDataTypeParameters>
<previousColumn>false</previousColumn>
<autoIncrementCycle>false</autoIncrementCycle>
<associations>
<colAssociation fkAssociation="3852131D-F2ED-9A2E-2DAE-11698EC9AD11" referredColumn="38BB1073-B6CB-FFD2-98D5-D10936D88159"/>
</associations>
</Column>
<Column name="PRODUCTO_ID_PRODUCTO" id="CEBF19DA-2F1D-A063-66A4-497C2FB18DF9">
<createdBy>dragu</createdBy>
<createdTime>2026-02-09 23:42:57 UTC</createdTime>
<ownerDesignName>s5_roberto_sandoval</ownerDesignName>
<useDomainConstraints>false</useDomainConstraints>
<use>1</use>
<logicalDatatype>LOGDT019</logicalDatatype>
<dataTypePrecision>10</dataTypePrecision>
<ownDataTypeParameters>,10,</ownDataTypeParameters>
<previousColumn>false</previousColumn>
<autoIncrementCycle>false</autoIncrementCycle>
<associations>
<colAssociation fkAssociation="DA540F49-BEB3-3845-B1DA-EA31F8517F40" referredColumn="050C5CE9-7E3B-92C8-C61C-5E449DFE6F0C"/>
</associations>
</Column>
<Column name="CANTIDAD_PRODUCTO" id="C7FE1573-C2AE-287B-C672-8E5149ADC4D9">
<createdBy>dragu</createdBy>
<createdTime>2026-02-09 23:42:57 UTC</createdTime>
<generatorID>152C240F-AE10-68A3-A1BE-B1AB0B48E89E</generatorID>
<ownerDesignName>s5_roberto_sandoval</ownerDesignName>
<useDomainConstraints>false</useDomainConstraints>
<use>1</use>
<logicalDatatype>LOGDT019</logicalDatatype>
<ownDataTypeParameters>,,</ownDataTypeParameters>
<autoIncrementCycle>false</autoIncrementCycle>
<isRelationshipColumn>true</isRelationshipColumn>
<isDependOnFK_AsMandatory>true</isDependOnFK_AsMandatory>
</Column>
</columns>
<indexes itemClass="oracle.dbtools.crest.model.design.relational.Index">
<ind_PK_UK id="5D97C40F-6884-18D6-3D29-F9ADF1BC0FB3" name="PROV_PROD_PK">
<createdBy>dragu</createdBy>
<createdTime>2026-02-09 23:42:57 UTC</createdTime>
<ownerDesignName>s5_roberto_sandoval</ownerDesignName>
<pk>true</pk>
<indexState>Primary Constraint</indexState>
<isSurrogateKey>false</isSurrogateKey>
<indexColumnUsage>
<colUsage columnID="B9BA74C3-4D1B-00A5-BB1C-29A63A6630FB"/>
<colUsage columnID="CEBF19DA-2F1D-A063-66A4-497C2FB18DF9"/>
</indexColumnUsage>
</ind_PK_UK>
<ind_PK_UK id="027FC0CC-265B-73E5-A65D-A2720DCC6764" name="PROV_PROD_PROV_FK">
<createdBy>dragu</createdBy>
<createdTime>2026-02-09 23:42:57 UTC</createdTime>
<generatorID>A3B696F6-4F28-5953-94C7-863B9269055B</generatorID>
<ownerDesignName>s5_roberto_sandoval</ownerDesignName>
<indexState>Foreign Key</indexState>
<isSurrogateKey>false</isSurrogateKey>
<indexColumnUsage>
<colUsage columnID="B9BA74C3-4D1B-00A5-BB1C-29A63A6630FB"/>
</indexColumnUsage>
</ind_PK_UK>
<ind_PK_UK id="574CDBA0-14A9-E615-C1E7-80D2C3FB0029" name="PROV_PROD_FK">
<createdBy>dragu</createdBy>
<createdTime>2026-02-09 23:42:57 UTC</createdTime>
<generatorID>A3B696F6-4F28-5953-94C7-863B9269055B</generatorID>
<ownerDesignName>s5_roberto_sandoval</ownerDesignName>
<indexState>Foreign Key</indexState>
<isSurrogateKey>false</isSurrogateKey>
<indexColumnUsage>
<colUsage columnID="CEBF19DA-2F1D-A063-66A4-497C2FB18DF9"/>
</indexColumnUsage>
</ind_PK_UK>
</indexes>
</Table>