<?xml version = '1.0' encoding = 'UTF-8'?>
<FKArc class="oracle.dbtools.crest.model.design.relational.FKArc" directorySegmentName="seg_0" id="B64628A6-37B7-F813-87AC-48386953A865" name="FKArc_1">
<createdBy>dragu</createdBy>
<createdTime>2026-02-09 23:42:57 UTC</createdTime>
<ownerDesignName>s5_roberto_sandoval2</ownerDesignName>
<mandatory>false</mandatory>
<reverseArc>true</reverseArc>
<table>607F338D-825A-FC2F-56D5-10109B4D082C</table>
<discriminatorColumn>B4B2B0E0-1F66-CB6F-05A4-7CB4D8677598</discriminatorColumn>
<fkeys>
<fkeyID>1E2BBBFB-3B95-284E-C2E6-0F39D2EF161B</fkeyID>
<fkeyID>0196FF88-792E-8E45-9BE4-3E326DB96386</fkeyID>
</fkeys>
</FKArc>