<?xml version = '1.0' encoding = 'UTF-8'?>
<Diagram class="oracle.dbtools.crest.swingui.relational.DPVRelational" name="Relational_1" id="7DBE83A4-0353-790D-A1A4-CD239B23A645">
<createdBy>rober</createdBy>
<modifiedBy>rober</modifiedBy>
<createdTime>2026-01-24 02:09:47 UTC</createdTime>
<autoRoute>false</autoRoute>
<boxInbox>true</boxInbox>
<showLegend>false</showLegend>
<showLabels>false</showLabels>
<showRelAttributes>false</showRelAttributes>
<gridEnabled>false</gridEnabled>
<showGrid>false</showGrid>
<diagramColor>-1</diagramColor>
<display>false</display>
<notation>1</notation>
<objectViews>
<OView class="oracle.dbtools.crest.swingui.relational.TVTable" oid="A2160230-7BEE-238A-3158-AF5A29A471BD" otype="Table" vid="66839915-B2DA-F16D-DFB4-81E310AD71CD">
<hideElementsInCurrentOnly>false</hideElementsInCurrentOnly>
<bounds x="393" y="312" width="299" height="191"/>
</OView>
<OView class="oracle.dbtools.crest.swingui.relational.TVTable" oid="D9640BD3-F18A-854C-CA6B-B12AADA4C706" otype="Table" vid="B9125476-1E08-E8CC-BB3F-88C4CAAE3FAF">
<hideElementsInCurrentOnly>false</hideElementsInCurrentOnly>
<bounds x="383" y="60" width="304" height="196"/>
</OView>
<OView class="oracle.dbtools.crest.swingui.relational.TVTable" oid="FBD7CA3B-2A89-580A-9E69-ED8B88FFF739" otype="Table" vid="9E61B75F-98A3-DC81-ACF6-C32F131CA9DC">
<hideElementsInCurrentOnly>false</hideElementsInCurrentOnly>
<bounds x="739" y="60" width="191" height="107"/>
</OView>
<OView class="oracle.dbtools.crest.swingui.relational.TVTable" oid="FD463AE0-3335-05D1-7169-9FEB41225B6E" otype="Table" vid="02B2B761-A37F-76C9-64EB-C2D9981A2EA3">
<hideElementsInCurrentOnly>false</hideElementsInCurrentOnly>
<bounds x="51" y="63" width="242" height="180"/>
</OView>
</objectViews>
<connectors>
<Connector class="oracle.dbtools.crest.swingui.relational.TVFKRelation" oid="416E4A1E-2BF1-A9BF-44BD-763B462871E6" otype="FKIndexAssociation" vid_source="66839915-B2DA-F16D-DFB4-81E310AD71CD" vid_target="B9125476-1E08-E8CC-BB3F-88C4CAAE3FAF">
<hideElementsInCurrentOnly>false</hideElementsInCurrentOnly>
<backgroundColor>-16777216</backgroundColor>
<lineWidth>1</lineWidth>
<points>
<point x="525" y="312"/>
<point x="525" y="256"/>
</points>
</Connector>
<Connector class="oracle.dbtools.crest.swingui.relational.TVFKRelation" oid="7F497BE7-1BA6-05F6-7EA0-0F2290520AC0" otype="FKIndexAssociation" vid_source="9E61B75F-98A3-DC81-ACF6-C32F131CA9DC" vid_target="B9125476-1E08-E8CC-BB3F-88C4CAAE3FAF">
<hideElementsInCurrentOnly>false</hideElementsInCurrentOnly>
<backgroundColor>-16777216</backgroundColor>
<lineWidth>1</lineWidth>
<points>
<point x="739" y="98"/>
<point x="687" y="98"/>
</points>
</Connector>
<Connector class="oracle.dbtools.crest.swingui.relational.TVFKRelation" oid="D74586A7-8FA6-BADA-06C2-C3DB4213A1ED" otype="FKIndexAssociation" vid_source="02B2B761-A37F-76C9-64EB-C2D9981A2EA3" vid_target="B9125476-1E08-E8CC-BB3F-88C4CAAE3FAF">
<hideElementsInCurrentOnly>false</hideElementsInCurrentOnly>
<backgroundColor>-16777216</backgroundColor>
<lineWidth>1</lineWidth>
<points>
<point x="293" y="198"/>
<point x="383" y="198"/>
</points>
</Connector>
</connectors>
</Diagram>