<?xml version = '1.0' encoding = 'UTF-8'?>
<FKIndexAssociation class="oracle.dbtools.crest.model.design.relational.FKIndexAssociation" directorySegmentName="seg_0" id="09CA831C-1E98-9EC3-CB9E-FBA9850D705E" containerWithKeyObject="40871A58-F11B-D04C-13EC-AADCB57B9944" localFKIndex="D6DDE29F-C487-6D7A-9C8F-775240FB6DC2" name="MODELO_MARCA_FK">
<createdBy>dragu</createdBy>
<createdTime>2026-02-09 23:35:17 UTC</createdTime>
<generatorID>2D8DE255-F732-E66B-BD3D-D1F0351C0CF7</generatorID>
<ownerDesignName>s5_roberto_sandoval</ownerDesignName>
<importedID>A3EDD5D6-DD80-9267-29DE-9B8904D52624</importedID>
<referredTableLongName>MARCA</referredTableLongName>
<deleteRule>NO ACTION</deleteRule>
<referredTableID>8CA4EE4E-FF0C-22F7-826E-C01A0B5ED4C9</referredTableID>
<keyObject>3B4F3BAA-A158-848E-E829-E45044D818B5</keyObject>
<referredKeyID>3B4F3BAA-A158-848E-E829-E45044D818B5</referredKeyID>
<mandatory>false</mandatory>
<refColNames>ID_MARCA</refColNames>
<transferable>true</transferable>
<rely>false</rely>
<columnDependencyConstraintGenerateInDDL>true</columnDependencyConstraintGenerateInDDL>
</FKIndexAssociation>