<?xml version = '1.0' encoding = 'UTF-8'?>
<FKIndexAssociation class="oracle.dbtools.crest.model.design.relational.FKIndexAssociation" directorySegmentName="seg_0" id="16ADC854-C142-0A55-7F40-5E185A05247D" containerWithKeyObject="273EA297-F88F-4B87-BA2E-35250413440F" localFKIndex="0237E0FA-28CE-94D5-53D1-4F8D6BA6ACDE" name="PROVINCIA_REGION_FK">
<createdBy>dragu</createdBy>
<createdTime>2026-02-09 23:35:17 UTC</createdTime>
<generatorID>7DBCE38C-ED6B-5576-6A03-F9C54F62F1E1</generatorID>
<ownerDesignName>s5_roberto_sandoval</ownerDesignName>
<importedID>45545CD2-942D-7224-B8E2-9B775D792DE5</importedID>
<referredTableLongName>REGION</referredTableLongName>
<deleteRule>NO ACTION</deleteRule>
<referredTableID>E3E133B5-6A08-9490-AA15-BF04D9EA679A</referredTableID>
<keyObject>AB84C926-792D-8D6A-9A50-BA3A6680E21D</keyObject>
<referredKeyID>AB84C926-792D-8D6A-9A50-BA3A6680E21D</referredKeyID>
<mandatory>false</mandatory>
<refColNames>ID_REGION</refColNames>
<transferable>true</transferable>
<rely>false</rely>
<columnDependencyConstraintGenerateInDDL>true</columnDependencyConstraintGenerateInDDL>
</FKIndexAssociation>