<?xml version = '1.0' encoding = 'UTF-8'?>
<FKIndexAssociation class="oracle.dbtools.crest.model.design.relational.FKIndexAssociation" directorySegmentName="seg_0" id="36260DD2-A9C1-C700-2D4B-1F8AFB6BDFEC" containerWithKeyObject="65F730B0-7276-0B47-144D-67898B95120A" localFKIndex="A336698E-3C75-7B5D-F440-AF3BCFD37653" name="PERSONA_PROVEEDOR_FK">
<createdBy>dragu</createdBy>
<createdTime>2026-02-09 23:35:17 UTC</createdTime>
<generatorID>63755AA3-A1FA-073E-33DE-AB87483F48F3</generatorID>
<ownerDesignName>s5_roberto_sandoval</ownerDesignName>
<importedID>AE6A7C3B-8E8D-DE0F-86BB-6BAEAC28E9F9</importedID>
<referredTableLongName>PROVEEDOR</referredTableLongName>
<arc>B9017A74-3D9A-D2F8-7AF7-C69A39182277</arc>
<deleteRule>NO ACTION</deleteRule>
<referredTableID>0B3C91F6-D169-DEAF-0FAC-9073363C0A6B</referredTableID>
<keyObject>86BF68EB-999A-0123-AA11-0DC1079FA1C2</keyObject>
<referredKeyID>86BF68EB-999A-0123-AA11-0DC1079FA1C2</referredKeyID>
<mandatory>true</mandatory>
<refColNames>ID_PROVEEDOR</refColNames>
<transferable>true</transferable>
<rely>false</rely>
<columnDependencyConstraintGenerateInDDL>true</columnDependencyConstraintGenerateInDDL>
</FKIndexAssociation>