<?xml version = '1.0' encoding = 'UTF-8'?>
<FKIndexAssociation class="oracle.dbtools.crest.model.design.relational.FKIndexAssociation" directorySegmentName="seg_0" id="3AFE8FA0-4869-8E39-293E-65599D58B3AF" containerWithKeyObject="85F16041-8C7C-CDCF-7647-04329FF656E2" localFKIndex="BEBB8C4B-3CE2-7288-3405-44CE07233055" name="PRODUCTO_MODELO_FK">
<createdBy>dragu</createdBy>
<createdTime>2026-02-09 23:35:17 UTC</createdTime>
<generatorID>E1DE4FF8-C77A-A4BC-D7F7-0477952CD27F</generatorID>
<ownerDesignName>s5_roberto_sandoval</ownerDesignName>
<importedID>55D23AAA-1298-5877-A7AB-1798DC82B369</importedID>
<referredTableLongName>MODELO</referredTableLongName>
<deleteRule>NO ACTION</deleteRule>
<referredTableID>40871A58-F11B-D04C-13EC-AADCB57B9944</referredTableID>
<keyObject>554EF6FE-EB44-038F-7C97-039D81BBD4C2</keyObject>
<referredKeyID>554EF6FE-EB44-038F-7C97-039D81BBD4C2</referredKeyID>
<mandatory>true</mandatory>
<refColNames>ID_MODELO</refColNames>
<transferable>true</transferable>
<rely>false</rely>
<columnDependencyConstraintGenerateInDDL>true</columnDependencyConstraintGenerateInDDL>
</FKIndexAssociation>