<?xml version = '1.0' encoding = 'UTF-8'?>
<FKIndexAssociation class="oracle.dbtools.crest.model.design.relational.FKIndexAssociation" directorySegmentName="seg_0" id="49AEA716-05CC-7787-61DF-BBD8ADAD2B74" containerWithKeyObject="85F16041-8C7C-CDCF-7647-04329FF656E2" localFKIndex="ECB23A9B-0DC8-61D6-179E-4C50ADD52467" name="PRODUCTO_SUCURSAL_FK">
<createdBy>dragu</createdBy>
<createdTime>2026-02-09 23:35:17 UTC</createdTime>
<generatorID>688DF515-9E69-C133-CAE5-CD8DD09607CD</generatorID>
<ownerDesignName>s5_roberto_sandoval</ownerDesignName>
<importedID>D3A600A1-4904-C88B-4078-A7AEE0E0E034</importedID>
<referredTableLongName>SUCURSAL</referredTableLongName>
<deleteRule>NO ACTION</deleteRule>
<referredTableID>4DF99A43-305A-0673-43E8-0C77B3FCCF79</referredTableID>
<keyObject>556E12B2-0B2B-D2DB-3847-DF57F4DD05B5</keyObject>
<referredKeyID>556E12B2-0B2B-D2DB-3847-DF57F4DD05B5</referredKeyID>
<mandatory>false</mandatory>
<refColNames>ID_SUCURSAL</refColNames>
<transferable>true</transferable>
<rely>false</rely>
<columnDependencyConstraintGenerateInDDL>true</columnDependencyConstraintGenerateInDDL>
</FKIndexAssociation>