<?xml version = '1.0' encoding = 'UTF-8'?>
<FKIndexAssociation class="oracle.dbtools.crest.model.design.relational.FKIndexAssociation" directorySegmentName="seg_0" id="4A940F76-6430-0927-DB6D-03DD24BF2FE2" containerWithKeyObject="94E2BCF8-B08C-ABC6-1518-8B55C13063CF" localFKIndex="F9FFD04B-B2D8-F3F5-A15A-440A52140BBA" name="BOLETA_CLIENTE_FK">
<createdBy>dragu</createdBy>
<createdTime>2026-02-09 23:35:17 UTC</createdTime>
<generatorID>9586F1F8-B5BC-0A8F-81BE-E55DAEF26E2B</generatorID>
<ownerDesignName>s5_roberto_sandoval</ownerDesignName>
<importedID>90A8979F-92CE-B9CF-2393-E19BDFA557D9</importedID>
<referredTableLongName>CLIENTE</referredTableLongName>
<deleteRule>NO ACTION</deleteRule>
<referredTableID>70B482D8-D23D-1A9C-5816-04E4AEF290A4</referredTableID>
<keyObject>6F915481-B0FB-087A-A4E6-49CAC5DE91F5</keyObject>
<referredKeyID>6F915481-B0FB-087A-A4E6-49CAC5DE91F5</referredKeyID>
<mandatory>true</mandatory>
<refColNames>ID_CLIENTE</refColNames>
<transferable>false</transferable>
<rely>false</rely>
<columnDependencyConstraintGenerateInDDL>true</columnDependencyConstraintGenerateInDDL>
</FKIndexAssociation>