<?xml version = '1.0' encoding = 'UTF-8'?>
<FKIndexAssociation class="oracle.dbtools.crest.model.design.relational.FKIndexAssociation" directorySegmentName="seg_0" id="518E2580-473F-3BA7-641F-D1EA5BC2EA15" containerWithKeyObject="3F9A2C63-BBE9-D62E-D6A4-5EE4A710C7C7" localFKIndex="06360D01-BAB7-E389-D661-84451D46FAD6" name="EMPRESA_PROVEEDOR_FK">
<createdBy>dragu</createdBy>
<createdTime>2026-02-09 23:35:17 UTC</createdTime>
<generatorID>87AE0975-AD47-B665-A295-F4476FB82824</generatorID>
<ownerDesignName>s5_roberto_sandoval</ownerDesignName>
<importedID>96C253A6-19E6-A850-84F5-F9EC4194F349</importedID>
<referredTableLongName>PROVEEDOR</referredTableLongName>
<arc>B9017A74-3D9A-D2F8-7AF7-C69A39182277</arc>
<deleteRule>NO ACTION</deleteRule>
<referredTableID>0B3C91F6-D169-DEAF-0FAC-9073363C0A6B</referredTableID>
<keyObject>86BF68EB-999A-0123-AA11-0DC1079FA1C2</keyObject>
<referredKeyID>86BF68EB-999A-0123-AA11-0DC1079FA1C2</referredKeyID>
<mandatory>true</mandatory>
<refColNames>ID_PROVEEDOR</refColNames>
<transferable>true</transferable>
<rely>false</rely>
<columnDependencyConstraintGenerateInDDL>true</columnDependencyConstraintGenerateInDDL>
</FKIndexAssociation>