<?xml version = '1.0' encoding = 'UTF-8'?>
<FKIndexAssociation class="oracle.dbtools.crest.model.design.relational.FKIndexAssociation" directorySegmentName="seg_0" id="7FBFE991-677F-3949-424D-A78F2F238931" containerWithKeyObject="41D24E7B-1E4A-E054-692F-336728FFD4EF" localFKIndex="A77190E1-B469-05D2-BEEF-7E5BA51C31C2" name="PROVEEDORES_PRODUCTOS_PRODUCTO_FK">
<createdBy>dragu</createdBy>
<createdTime>2026-02-09 23:35:17 UTC</createdTime>
<generatorID>A3B696F6-4F28-5953-94C7-863B9269055B</generatorID>
<ownerDesignName>s5_roberto_sandoval</ownerDesignName>
<importedID>D0F12964-5023-BD6A-87DE-F2324EA1E8A7</importedID>
<referredTableLongName>PRODUCTO</referredTableLongName>
<deleteRule>NO ACTION</deleteRule>
<referredTableID>85F16041-8C7C-CDCF-7647-04329FF656E2</referredTableID>
<keyObject>595F1216-23E0-CD84-C441-CA81EF108AB1</keyObject>
<referredKeyID>595F1216-23E0-CD84-C441-CA81EF108AB1</referredKeyID>
<mandatory>true</mandatory>
<refColNames>ID_PRODUCTO</refColNames>
<transferable>true</transferable>
<rely>false</rely>
<columnDependencyConstraintGenerateInDDL>true</columnDependencyConstraintGenerateInDDL>
</FKIndexAssociation>