<?xml version = '1.0' encoding = 'UTF-8'?>
<FKIndexAssociation class="oracle.dbtools.crest.model.design.relational.FKIndexAssociation" directorySegmentName="seg_0" id="9BEC88BC-B26C-0F7E-F51A-44F7DB095171" containerWithKeyObject="9AD897A1-5CC6-4638-4529-7782CF09366E" localFKIndex="D4AA68B8-1471-0C78-2916-5CC936A73E95" name="COMUNA_PROVINCIA_FK">
<createdBy>dragu</createdBy>
<createdTime>2026-02-09 23:35:17 UTC</createdTime>
<generatorID>F745381E-FF7D-405F-12AD-BA25A9BD1EB9</generatorID>
<ownerDesignName>s5_roberto_sandoval</ownerDesignName>
<importedID>A1895FDB-F3F5-98BC-695D-2E47AF861451</importedID>
<referredTableLongName>PROVINCIA</referredTableLongName>
<deleteRule>NO ACTION</deleteRule>
<referredTableID>273EA297-F88F-4B87-BA2E-35250413440F</referredTableID>
<keyObject>3FE05E96-63D9-B9C6-C120-87547F63DB68</keyObject>
<referredKeyID>3FE05E96-63D9-B9C6-C120-87547F63DB68</referredKeyID>
<mandatory>false</mandatory>
<refColNames>ID_PROVINCIA</refColNames>
<transferable>true</transferable>
<rely>false</rely>
<columnDependencyConstraintGenerateInDDL>true</columnDependencyConstraintGenerateInDDL>
</FKIndexAssociation>