<?xml version = '1.0' encoding = 'UTF-8'?>
<FKIndexAssociation class="oracle.dbtools.crest.model.design.relational.FKIndexAssociation" directorySegmentName="seg_0" id="A6AAB845-473B-AE7B-28E3-35E85331A090" containerWithKeyObject="94E2BCF8-B08C-ABC6-1518-8B55C13063CF" localFKIndex="E9898FC2-C175-4570-BF1F-39677D6ED93D" name="BOLETA_SUCURSAL_FK">
<createdBy>dragu</createdBy>
<createdTime>2026-02-09 23:35:17 UTC</createdTime>
<generatorID>2475A272-5A41-CAA6-3AF7-F6788129D50F</generatorID>
<ownerDesignName>s5_roberto_sandoval</ownerDesignName>
<importedID>35A5072A-FE9A-BD2D-A47E-EB9194C76C47</importedID>
<referredTableLongName>SUCURSAL</referredTableLongName>
<deleteRule>NO ACTION</deleteRule>
<referredTableID>4DF99A43-305A-0673-43E8-0C77B3FCCF79</referredTableID>
<keyObject>556E12B2-0B2B-D2DB-3847-DF57F4DD05B5</keyObject>
<referredKeyID>556E12B2-0B2B-D2DB-3847-DF57F4DD05B5</referredKeyID>
<mandatory>true</mandatory>
<refColNames>ID_SUCURSAL</refColNames>
<transferable>false</transferable>
<rely>false</rely>
<columnDependencyConstraintGenerateInDDL>true</columnDependencyConstraintGenerateInDDL>
</FKIndexAssociation>