<?xml version = '1.0' encoding = 'UTF-8'?>
<FKIndexAssociation class="oracle.dbtools.crest.model.design.relational.FKIndexAssociation" directorySegmentName="seg_0" id="BBA00E84-5BA8-1DA4-4001-4A108401BA7D" containerWithKeyObject="94E2BCF8-B08C-ABC6-1518-8B55C13063CF" localFKIndex="62B08E80-B815-6464-AFCE-BF6BDE6EF4C8" name="BOLETA_PROVEEDOR_FK">
<createdBy>dragu</createdBy>
<createdTime>2026-02-09 23:35:17 UTC</createdTime>
<generatorID>34107DEE-D380-CF47-D5E7-A53FEBD66E7F</generatorID>
<ownerDesignName>s5_roberto_sandoval</ownerDesignName>
<importedID>F1DC2BD4-1487-A821-9B9F-FC5D34A94BFC</importedID>
<referredTableLongName>PROVEEDOR</referredTableLongName>
<deleteRule>NO ACTION</deleteRule>
<referredTableID>0B3C91F6-D169-DEAF-0FAC-9073363C0A6B</referredTableID>
<keyObject>86BF68EB-999A-0123-AA11-0DC1079FA1C2</keyObject>
<referredKeyID>86BF68EB-999A-0123-AA11-0DC1079FA1C2</referredKeyID>
<mandatory>true</mandatory>
<refColNames>ID_PROVEEDOR</refColNames>
<transferable>false</transferable>
<rely>false</rely>
<columnDependencyConstraintGenerateInDDL>true</columnDependencyConstraintGenerateInDDL>
</FKIndexAssociation>