<?xml version = '1.0' encoding = 'UTF-8'?>
<FKIndexAssociation class="oracle.dbtools.crest.model.design.relational.FKIndexAssociation" directorySegmentName="seg_0" id="C6E97694-A9E6-42AE-F428-8EB33FD2272D" containerWithKeyObject="41D24E7B-1E4A-E054-692F-336728FFD4EF" localFKIndex="8AAD51FC-7F21-7256-B55D-B3A43C42CED4" name="PROVEEDORES_PRODUCTOS_PROVEEDOR_FK">
<createdBy>dragu</createdBy>
<createdTime>2026-02-09 23:35:17 UTC</createdTime>
<generatorID>A3B696F6-4F28-5953-94C7-863B9269055B</generatorID>
<ownerDesignName>s5_roberto_sandoval</ownerDesignName>
<importedID>80FFE2B8-C6B2-CFBA-45FA-789CB927BABA</importedID>
<referredTableLongName>PROVEEDOR</referredTableLongName>
<deleteRule>NO ACTION</deleteRule>
<referredTableID>0B3C91F6-D169-DEAF-0FAC-9073363C0A6B</referredTableID>
<keyObject>86BF68EB-999A-0123-AA11-0DC1079FA1C2</keyObject>
<referredKeyID>86BF68EB-999A-0123-AA11-0DC1079FA1C2</referredKeyID>
<mandatory>true</mandatory>
<refColNames>ID_PROVEEDOR</refColNames>
<transferable>true</transferable>
<rely>false</rely>
<columnDependencyConstraintGenerateInDDL>true</columnDependencyConstraintGenerateInDDL>
</FKIndexAssociation>