<?xml version = '1.0' encoding = 'UTF-8'?>
<FKIndexAssociation class="oracle.dbtools.crest.model.design.relational.FKIndexAssociation" directorySegmentName="seg_0" id="CC4D492B-1237-398C-F7F6-E5CA5C05B8CE" containerWithKeyObject="85F16041-8C7C-CDCF-7647-04329FF656E2" localFKIndex="41B13EE4-F65B-5388-164A-0B456A3B060F" name="PRODUCTO_CATEGORIA_FK">
<createdBy>dragu</createdBy>
<createdTime>2026-02-09 23:35:17 UTC</createdTime>
<generatorID>B7233889-F61C-D338-1E73-55217D734303</generatorID>
<ownerDesignName>s5_roberto_sandoval</ownerDesignName>
<importedID>E6F0C422-3CBF-246F-1BAD-0AFF29892E7F</importedID>
<referredTableLongName>CATEGORIA</referredTableLongName>
<deleteRule>NO ACTION</deleteRule>
<referredTableID>53D77085-850A-3FC8-DB7B-185EC5F43EE5</referredTableID>
<keyObject>D0AFFF8D-8129-370E-93FE-D23D779B6CF0</keyObject>
<referredKeyID>D0AFFF8D-8129-370E-93FE-D23D779B6CF0</referredKeyID>
<mandatory>true</mandatory>
<refColNames>ID_CATEGORIA</refColNames>
<transferable>true</transferable>
<rely>false</rely>
<columnDependencyConstraintGenerateInDDL>true</columnDependencyConstraintGenerateInDDL>
</FKIndexAssociation>