<?xml version = '1.0' encoding = 'UTF-8'?>
<FKIndexAssociation class="oracle.dbtools.crest.model.design.relational.FKIndexAssociation" directorySegmentName="seg_0" id="F62DDD58-6480-4D5E-3C77-0BB63B552E63" containerWithKeyObject="4DF99A43-305A-0673-43E8-0C77B3FCCF79" localFKIndex="8D47819C-94AD-702B-8145-491C963E73A8" name="SUCURSAL_COMUNA_FK">
<createdBy>dragu</createdBy>
<createdTime>2026-02-09 23:35:17 UTC</createdTime>
<generatorID>CFE246F2-52CC-6D32-AF2D-DE98403485B0</generatorID>
<ownerDesignName>s5_roberto_sandoval</ownerDesignName>
<importedID>386BDCA2-2B83-CB4E-16D4-C373721204FE</importedID>
<referredTableLongName>COMUNA</referredTableLongName>
<deleteRule>NO ACTION</deleteRule>
<referredTableID>9AD897A1-5CC6-4638-4529-7782CF09366E</referredTableID>
<keyObject>9ECC9A3F-F3B8-BC16-1BE7-CC4197433FE8</keyObject>
<referredKeyID>9ECC9A3F-F3B8-BC16-1BE7-CC4197433FE8</referredKeyID>
<mandatory>true</mandatory>
<refColNames>ID_COMUNA</refColNames>
<transferable>true</transferable>
<rely>false</rely>
<columnDependencyConstraintGenerateInDDL>true</columnDependencyConstraintGenerateInDDL>
</FKIndexAssociation>