<?xml version = '1.0' encoding = 'UTF-8'?>
<Diagram class="oracle.dbtools.crest.swingui.logical.DPVLogical" name="Logical" id="5C69408E-CF55-95F8-FEFE-735EBA56D587">
<createdBy>dragu</createdBy>
<modifiedBy>dragu</modifiedBy>
<createdTime>2026-02-09 23:35:17 UTC</createdTime>
<autoRoute>false</autoRoute>
<boxInbox>false</boxInbox>
<showLegend>false</showLegend>
<showLabels>false</showLabels>
<showRelAttributes>true</showRelAttributes>
<gridEnabled>false</gridEnabled>
<showGrid>false</showGrid>
<diagramColor>-1</diagramColor>
<display>false</display>
<notation>1</notation>
<objectViews>
<OView class="oracle.dbtools.crest.swingui.logical.TVEntity" oid="068EEF6E-1C18-0BDB-C9F6-21A915F55649" otype="Entity" vid="AB5A3241-5DC1-6B3E-2421-059D126E229F">
<hideElementsInCurrentOnly>false</hideElementsInCurrentOnly>
<bounds x="526" y="612" width="163" height="68"/>
</OView>
<OView class="oracle.dbtools.crest.swingui.logical.TVEntity" oid="1627BA5F-1EEF-4D90-28E7-28A7C0E9B9EF" otype="Entity" vid="42CDBADB-2BD6-E534-F669-A85736239864">
<hideElementsInCurrentOnly>false</hideElementsInCurrentOnly>
<bounds x="323" y="490" width="164" height="54"/>
</OView>
<OView class="oracle.dbtools.crest.swingui.logical.TVEntity" oid="1B5AF054-9DCA-AEC8-0BA1-5F505C3D52EB" otype="Entity" vid="ACE1E778-C73A-4FBF-8787-5F2C371A09CE">
<hideElementsInCurrentOnly>false</hideElementsInCurrentOnly>
<bounds x="333" y="349" width="153" height="54"/>
</OView>
<OView class="oracle.dbtools.crest.swingui.logical.TVEntity" oid="3EAC997B-1A44-7B22-C1D1-034C2088EC84" otype="Entity" vid="34EF91FD-EE96-7E38-4E1C-8B2AE1C7378D">
<hideElementsInCurrentOnly>false</hideElementsInCurrentOnly>
<bounds x="126" y="352" width="145" height="54"/>
</OView>
<OView class="oracle.dbtools.crest.swingui.logical.TVEntity" oid="5713E35D-C978-9414-B469-FD8287569530" otype="Entity" vid="6329DA94-218C-405A-B764-66E8C786E89A">
<hideElementsInCurrentOnly>false</hideElementsInCurrentOnly>
<bounds x="330" y="625" width="153" height="54"/>
</OView>
<OView class="oracle.dbtools.crest.swingui.logical.TVEntity" oid="981CF170-3E3D-6EFE-ACFA-308B7B3A3FCE" otype="Entity" vid="D6687017-9DF6-C79D-CA64-4C6794DCBE4E">
<hideElementsInCurrentOnly>false</hideElementsInCurrentOnly>
<bounds x="859" y="195" width="166" height="82"/>
</OView>
<OView class="oracle.dbtools.crest.swingui.logical.TVEntity" oid="9A20E715-7690-FB7B-ADB0-EE950EF953F3" otype="Entity" vid="E355B513-8CE2-DB90-0E07-3BAEE5C8CD41">
<hideElementsInCurrentOnly>false</hideElementsInCurrentOnly>
<bounds x="963" y="570" width="166" height="110"/>
</OView>
<OView class="oracle.dbtools.crest.swingui.logical.TVEntity" oid="A13272E2-81DE-3D01-BAD9-A08178FFAC9C" otype="Entity" vid="EE4B9EAF-CB15-10EF-DFF7-C8B8268D27A8">
<hideElementsInCurrentOnly>false</hideElementsInCurrentOnly>
<bounds x="741" y="574" width="151" height="110"/>
</OView>
<OView class="oracle.dbtools.crest.swingui.logical.TVEntity" oid="AA441E29-A39C-2D28-29C8-CF286DFBD7D9" otype="Entity" vid="9CB94CF4-1F5B-1650-B6F9-E0C384CCFA51">
<hideElementsInCurrentOnly>false</hideElementsInCurrentOnly>
<bounds x="647" y="162" width="153" height="82"/>
</OView>
<OView class="oracle.dbtools.crest.swingui.logical.TVEntity" oid="B0FA1B8D-E357-C432-F0D1-484BE1E723A9" otype="Entity" vid="9E47FD97-1667-56E0-078A-F16F03724FB6">
<hideElementsInCurrentOnly>false</hideElementsInCurrentOnly>
<bounds x="855" y="118" width="136" height="68"/>
</OView>
<OView class="oracle.dbtools.crest.swingui.logical.TVEntity" oid="E8E007FF-A9C7-7C9D-5234-25DD1E90C8A0" otype="Entity" vid="61E212D3-12E8-C397-AC1B-873A2CC2923D">
<hideElementsInCurrentOnly>false</hideElementsInCurrentOnly>
<bounds x="559" y="337" width="169" height="96"/>
</OView>
<OView class="oracle.dbtools.crest.swingui.logical.TVEntity" oid="ECC16985-9244-EC4A-799D-5A27B14FA931" otype="Entity" vid="E4E5ABA5-1F44-766D-B4A6-9E0A1F0077F5">
<hideElementsInCurrentOnly>false</hideElementsInCurrentOnly>
<bounds x="444" y="168" width="169" height="68"/>
</OView>
<OView class="oracle.dbtools.crest.swingui.logical.TVEntity" oid="F2BAC0FC-6987-8BE0-E280-05EF0BA8681E" otype="Entity" vid="4F2FB124-780B-0771-E577-A1C6A0F6B08D">
<hideElementsInCurrentOnly>false</hideElementsInCurrentOnly>
<bounds x="118" y="494" width="148" height="54"/>
</OView>
</objectViews>
<connectors>
<Connector class="oracle.dbtools.crest.swingui.logical.TVRelation" oid="2475A272-5A41-CAA6-3AF7-F6788129D50F" otype="Relation" vid_source="AB5A3241-5DC1-6B3E-2421-059D126E229F" vid_target="EE4B9EAF-CB15-10EF-DFF7-C8B8268D27A8">
<hideElementsInCurrentOnly>false</hideElementsInCurrentOnly>
<backgroundColor>-16777216</backgroundColor>
<lineWidth>1</lineWidth>
<points>
<point x="689" y="646"/>
<point x="741" y="646"/>
</points>
</Connector>
<Connector class="oracle.dbtools.crest.swingui.logical.TVRelation" oid="2D8DE255-F732-E66B-BD3D-D1F0351C0CF7" otype="Relation" vid_source="34EF91FD-EE96-7E38-4E1C-8B2AE1C7378D" vid_target="ACE1E778-C73A-4FBF-8787-5F2C371A09CE">
<hideElementsInCurrentOnly>false</hideElementsInCurrentOnly>
<backgroundColor>-16777216</backgroundColor>
<lineWidth>1</lineWidth>
<points>
<point x="271" y="377"/>
<point x="333" y="377"/>
</points>
</Connector>
<Connector class="oracle.dbtools.crest.swingui.logical.TVRelation" oid="34107DEE-D380-CF47-D5E7-A53FEBD66E7F" otype="Relation" vid_source="9CB94CF4-1F5B-1650-B6F9-E0C384CCFA51" vid_target="EE4B9EAF-CB15-10EF-DFF7-C8B8268D27A8">
<hideElementsInCurrentOnly>false</hideElementsInCurrentOnly>
<backgroundColor>-16777216</backgroundColor>
<lineWidth>1</lineWidth>
<points>
<point x="770" y="244"/>
<point x="770" y="574"/>
</points>
</Connector>
<Connector class="oracle.dbtools.crest.swingui.logical.TVInheritanceRelation" oid="63755AA3-A1FA-073E-33DE-AB87483F48F3" otype="Hierarchy relation" vid_source="9CB94CF4-1F5B-1650-B6F9-E0C384CCFA51" vid_target="D6687017-9DF6-C79D-CA64-4C6794DCBE4E">
<hideElementsInCurrentOnly>false</hideElementsInCurrentOnly>
<backgroundColor>-65536</backgroundColor>
<lineWidth>1</lineWidth>
<points>
<point x="800" y="219"/>
<point x="962" y="277"/>
</points>
</Connector>
<Connector class="oracle.dbtools.crest.swingui.logical.TVRelation" oid="688DF515-9E69-C133-CAE5-CD8DD09607CD" otype="Relation" vid_source="AB5A3241-5DC1-6B3E-2421-059D126E229F" vid_target="61E212D3-12E8-C397-AC1B-873A2CC2923D">
<hideElementsInCurrentOnly>false</hideElementsInCurrentOnly>
<backgroundColor>-16777216</backgroundColor>
<lineWidth>1</lineWidth>
<points>
<point x="624" y="612"/>
<point x="624" y="433"/>
</points>
</Connector>
<Connector class="oracle.dbtools.crest.swingui.logical.TVRelation" oid="7DBCE38C-ED6B-5576-6A03-F9C54F62F1E1" otype="Relation" vid_source="4F2FB124-780B-0771-E577-A1C6A0F6B08D" vid_target="42CDBADB-2BD6-E534-F669-A85736239864">
<hideElementsInCurrentOnly>false</hideElementsInCurrentOnly>
<backgroundColor>-16777216</backgroundColor>
<lineWidth>1</lineWidth>
<points>
<point x="266" y="519"/>
<point x="323" y="519"/>
</points>
</Connector>
<Connector class="oracle.dbtools.crest.swingui.logical.TVInheritanceRelation" oid="87AE0975-AD47-B665-A295-F4476FB82824" otype="Hierarchy relation" vid_source="9CB94CF4-1F5B-1650-B6F9-E0C384CCFA51" vid_target="9E47FD97-1667-56E0-078A-F16F03724FB6">
<hideElementsInCurrentOnly>false</hideElementsInCurrentOnly>
<backgroundColor>-65536</backgroundColor>
<lineWidth>1</lineWidth>
<points>
<point x="800" y="174"/>
<point x="855" y="174"/>
</points>
</Connector>
<Connector class="oracle.dbtools.crest.swingui.logical.TVRelation" oid="9586F1F8-B5BC-0A8F-81BE-E55DAEF26E2B" otype="Relation" vid_source="E355B513-8CE2-DB90-0E07-3BAEE5C8CD41" vid_target="EE4B9EAF-CB15-10EF-DFF7-C8B8268D27A8">
<hideElementsInCurrentOnly>false</hideElementsInCurrentOnly>
<backgroundColor>-16777216</backgroundColor>
<lineWidth>1</lineWidth>
<points>
<point x="963" y="627"/>
<point x="892" y="627"/>
</points>
</Connector>
<Connector class="oracle.dbtools.crest.swingui.logical.TVRelation" oid="A3B696F6-4F28-5953-94C7-863B9269055B" otype="Relation" vid_source="9CB94CF4-1F5B-1650-B6F9-E0C384CCFA51" vid_target="61E212D3-12E8-C397-AC1B-873A2CC2923D">
<hideElementsInCurrentOnly>false</hideElementsInCurrentOnly>
<backgroundColor>-16777216</backgroundColor>
<lineWidth>1</lineWidth>
<centerLabel class="oracle.dbtools.crest.model.design.Label">
<site>1</site>
<labelBounds x="121" y="15" width="133" height="30"/>
<noBackgroundColor>true</noBackgroundColor>
<noForegroundColor>true</noForegroundColor>
</centerLabel>
<points>
<point x="687" y="244"/>
<point x="687" y="337"/>
</points>
</Connector>
<Connector class="oracle.dbtools.crest.swingui.logical.TVRelation" oid="B7233889-F61C-D338-1E73-55217D734303" otype="Relation" vid_source="E4E5ABA5-1F44-766D-B4A6-9E0A1F0077F5" vid_target="61E212D3-12E8-C397-AC1B-873A2CC2923D">
<hideElementsInCurrentOnly>false</hideElementsInCurrentOnly>
<backgroundColor>-16777216</backgroundColor>
<lineWidth>1</lineWidth>
<points>
<point x="586" y="236"/>
<point x="586" y="337"/>
</points>
</Connector>
<Connector class="oracle.dbtools.crest.swingui.logical.TVRelation" oid="CFE246F2-52CC-6D32-AF2D-DE98403485B0" otype="Relation" vid_source="6329DA94-218C-405A-B764-66E8C786E89A" vid_target="AB5A3241-5DC1-6B3E-2421-059D126E229F">
<hideElementsInCurrentOnly>false</hideElementsInCurrentOnly>
<backgroundColor>-16777216</backgroundColor>
<lineWidth>1</lineWidth>
<points>
<point x="483" y="652"/>
<point x="526" y="652"/>
</points>
</Connector>
<Connector class="oracle.dbtools.crest.swingui.logical.TVRelation" oid="E1DE4FF8-C77A-A4BC-D7F7-0477952CD27F" otype="Relation" vid_source="ACE1E778-C73A-4FBF-8787-5F2C371A09CE" vid_target="61E212D3-12E8-C397-AC1B-873A2CC2923D">
<hideElementsInCurrentOnly>false</hideElementsInCurrentOnly>
<backgroundColor>-16777216</backgroundColor>
<lineWidth>1</lineWidth>
<points>
<point x="486" y="376"/>
<point x="559" y="376"/>
</points>
</Connector>
<Connector class="oracle.dbtools.crest.swingui.logical.TVRelation" oid="F745381E-FF7D-405F-12AD-BA25A9BD1EB9" otype="Relation" vid_source="42CDBADB-2BD6-E534-F669-A85736239864" vid_target="6329DA94-218C-405A-B764-66E8C786E89A">
<hideElementsInCurrentOnly>false</hideElementsInCurrentOnly>
<backgroundColor>-16777216</backgroundColor>
<lineWidth>1</lineWidth>
<points>
<point x="406" y="544"/>
<point x="406" y="625"/>
</points>
</Connector>
</connectors>
</Diagram>