<?xml version = '1.0' encoding = 'UTF-8'?>
<relationalModel class="oracle.dbtools.crest.model.design.relational.RelationalDesign" name="Relational_1" id="46CFDBDD-1B24-F6DC-D28B-2D1CCDC1EA27" mainViewID="7DBE83A4-0353-790D-A1A4-CD239B23A645">
<createdBy>rober</createdBy>
<createdTime>2026-01-23 03:50:14 UTC</createdTime>
<ownerDesignName>s1_roberto_sandoval</ownerDesignName>
<shouldBeOpen>false</shouldBeOpen>
<selectedRDBMSSite>32076570-2523-435C-2E92-BF29817DFF70</selectedRDBMSSite>
</relationalModel>