<?xml version = '1.0' encoding = 'UTF-8'?>
<Table class="oracle.dbtools.crest.model.design.relational.Table" directorySegmentName="seg_0" id="0B3C91F6-D169-DEAF-0FAC-9073363C0A6B" name="PROVEEDOR">
<createdBy>dragu</createdBy>
<createdTime>2026-02-09 23:35:17 UTC</createdTime>
<generatorID>AA441E29-A39C-2D28-29C8-CF286DFBD7D9</generatorID>
<ownerDesignName>s5_roberto_sandoval</ownerDesignName>
<importedID>D69419C0-D531-1CA0-C129-B67309F3DF73</importedID>
<allowColumnReorder>false</allowColumnReorder>
<existDependencyGenerateInDDl>true</existDependencyGenerateInDDl>
<parsed>true</parsed>
<columns itemClass="oracle.dbtools.crest.model.design.relational.Column">
<Column name="ID_PROVEEDOR" id="5B80CAC5-BFB9-415B-D262-1BDAD183D90E">
<createdBy>dragu</createdBy>
<createdTime>2026-02-09 23:35:17 UTC</createdTime>
<generatorID>4935BC8B-F9F5-2AC1-2E00-75C99B1B5CE7</generatorID>
<ownerDesignName>s5_roberto_sandoval</ownerDesignName>
<importedID>5494749B-75AC-EA4B-411A-4931593FA99F</importedID>
<useDomainConstraints>false</useDomainConstraints>
<use>1</use>
<logicalDatatype>LOGDT019</logicalDatatype>
<dataTypePrecision>10</dataTypePrecision>
<ownDataTypeParameters>,10,</ownDataTypeParameters>
<autoIncrementCycle>false</autoIncrementCycle>
</Column>
<Column name="TELEFONO" id="57B04D9C-1662-5730-5412-4D09D01B117F">
<createdBy>dragu</createdBy>
<createdTime>2026-02-09 23:35:17 UTC</createdTime>
<generatorID>8BDC1C51-3927-5292-815E-5984D451758B</generatorID>
<ownerDesignName>s5_roberto_sandoval</ownerDesignName>
<importedID>B265CCC1-3311-855B-98D2-2712AD77FE96</importedID>
<useDomainConstraints>false</useDomainConstraints>
<use>1</use>
<logicalDatatype>LOGDT024</logicalDatatype>
<dataTypeSize>15</dataTypeSize>
<ownDataTypeParameters>15,,</ownDataTypeParameters>
<autoIncrementCycle>false</autoIncrementCycle>
</Column>
<Column name="CORREO" id="E9708A86-6AA0-4909-8C84-DA996344C6A9">
<createdBy>dragu</createdBy>
<createdTime>2026-02-09 23:35:17 UTC</createdTime>
<generatorID>355FB8D8-C140-5C1F-2678-B181D96AD206</generatorID>
<ownerDesignName>s5_roberto_sandoval</ownerDesignName>
<importedID>AFBC5DD2-E613-960F-FD35-039AEDD2AE94</importedID>
<useDomainConstraints>false</useDomainConstraints>
<use>1</use>
<logicalDatatype>LOGDT024</logicalDatatype>
<dataTypeSize>100</dataTypeSize>
<ownDataTypeParameters>100,,</ownDataTypeParameters>
<autoIncrementCycle>false</autoIncrementCycle>
</Column>
<Column name="TIPO_PROVEEDOR" id="FA73ED95-6A47-ED23-8ACA-248C88FC082D">
<createdBy>dragu</createdBy>
<createdTime>2026-02-09 23:35:17 UTC</createdTime>
<generatorID>4917EF04-1D7E-E440-EAE0-64B0F953ADED</generatorID>
<ownerDesignName>s5_roberto_sandoval</ownerDesignName>
<importedID>8AB58968-379D-3A29-8853-E3357D7F3251</importedID>
<useDomainConstraints>false</useDomainConstraints>
<use>1</use>
<logicalDatatype>LOGDT024</logicalDatatype>
<dataTypeSize>1</dataTypeSize>
<ownDataTypeParameters>1,,</ownDataTypeParameters>
<autoIncrementCycle>false</autoIncrementCycle>
</Column>
</columns>
<indexes itemClass="oracle.dbtools.crest.model.design.relational.Index">
<ind_PK_UK id="86BF68EB-999A-0123-AA11-0DC1079FA1C2" name="PROVEEDOR_PK">
<createdBy>dragu</createdBy>
<createdTime>2026-02-09 23:35:17 UTC</createdTime>
<generatorID>5640B7F8-52D2-5BCB-3CB9-3C26A4052243</generatorID>
<ownerDesignName>s5_roberto_sandoval</ownerDesignName>
<importedID>BA52626C-A13B-4BDA-EDA1-1D7C6B50D5C5</importedID>
<pk>true</pk>
<indexState>Primary Constraint</indexState>
<isSurrogateKey>false</isSurrogateKey>
<indexColumnUsage>
<colUsage columnID="5B80CAC5-BFB9-415B-D262-1BDAD183D90E"/>
</indexColumnUsage>
</ind_PK_UK>
</indexes>
</Table>