<?xml version = '1.0' encoding = 'UTF-8'?>
<Table class="oracle.dbtools.crest.model.design.relational.Table" directorySegmentName="seg_0" id="273EA297-F88F-4B87-BA2E-35250413440F" name="PROVINCIA">
<createdBy>dragu</createdBy>
<createdTime>2026-02-09 23:35:17 UTC</createdTime>
<generatorID>1627BA5F-1EEF-4D90-28E7-28A7C0E9B9EF</generatorID>
<ownerDesignName>s5_roberto_sandoval</ownerDesignName>
<importedID>C1470BAE-64A5-693E-A9D7-796B2A1ADB25</importedID>
<allowColumnReorder>false</allowColumnReorder>
<existDependencyGenerateInDDl>true</existDependencyGenerateInDDl>
<parsed>true</parsed>
<columns itemClass="oracle.dbtools.crest.model.design.relational.Column">
<Column name="ID_PROVINCIA" id="78C8FD3B-1F0F-86C0-DC28-E49F54F09E5D">
<createdBy>dragu</createdBy>
<createdTime>2026-02-09 23:35:17 UTC</createdTime>
<generatorID>499AEB8C-1C18-A47C-C666-F8F33E636BA6</generatorID>
<ownerDesignName>s5_roberto_sandoval</ownerDesignName>
<importedID>D52D6891-9F21-B4D9-8ED5-072DF19BBD91</importedID>
<useDomainConstraints>false</useDomainConstraints>
<use>1</use>
<logicalDatatype>LOGDT019</logicalDatatype>
<dataTypePrecision>10</dataTypePrecision>
<ownDataTypeParameters>,10,</ownDataTypeParameters>
<autoIncrementCycle>false</autoIncrementCycle>
</Column>
<Column name="NOMBRE_PROVINCIA" id="3855AB08-42E0-885A-7994-D31FE9CF45E0">
<createdBy>dragu</createdBy>
<createdTime>2026-02-09 23:35:17 UTC</createdTime>
<generatorID>6F763FF2-4B34-0FD8-8562-79B2161AD4BC</generatorID>
<ownerDesignName>s5_roberto_sandoval</ownerDesignName>
<importedID>DAE84E0A-3707-5B0A-8C72-3FFC7D02B2DD</importedID>
<useDomainConstraints>false</useDomainConstraints>
<use>1</use>
<logicalDatatype>LOGDT024</logicalDatatype>
<dataTypeSize>50</dataTypeSize>
<ownDataTypeParameters>50,,</ownDataTypeParameters>
<autoIncrementCycle>false</autoIncrementCycle>
</Column>
<Column name="REGION_ID_REGION" id="B675C186-0C26-DF81-0F95-0226727B05FE">
<createdBy>dragu</createdBy>
<createdTime>2026-02-09 23:35:17 UTC</createdTime>
<generatorID>AC7667E3-09F6-870C-7BF3-42D007F75022</generatorID>
<ownerDesignName>s5_roberto_sandoval</ownerDesignName>
<importedID>763FD920-8F51-C7EA-E6F3-7AB2F9A0A955</importedID>
<nullsAllowed>true</nullsAllowed>
<useDomainConstraints>false</useDomainConstraints>
<use>1</use>
<logicalDatatype>LOGDT019</logicalDatatype>
<dataTypePrecision>10</dataTypePrecision>
<ownDataTypeParameters>,10,</ownDataTypeParameters>
<autoIncrementCycle>false</autoIncrementCycle>
<associations>
<colAssociation fkAssociation="16ADC854-C142-0A55-7F40-5E185A05247D" referredColumn="EF1480B2-8509-AB68-8DA3-A1C79A04BF00"/>
</associations>
</Column>
</columns>
<indexes itemClass="oracle.dbtools.crest.model.design.relational.Index">
<ind_PK_UK id="3FE05E96-63D9-B9C6-C120-87547F63DB68" name="PROVINCIA_PK">
<createdBy>dragu</createdBy>
<createdTime>2026-02-09 23:35:17 UTC</createdTime>
<generatorID>AEBC71C5-7268-7C04-2F5C-34E8DB573C41</generatorID>
<ownerDesignName>s5_roberto_sandoval</ownerDesignName>
<importedID>8E9FC76B-F11A-CDC8-1C62-9C4C1FDC3C0C</importedID>
<pk>true</pk>
<indexState>Primary Constraint</indexState>
<isSurrogateKey>false</isSurrogateKey>
<indexColumnUsage>
<colUsage columnID="78C8FD3B-1F0F-86C0-DC28-E49F54F09E5D"/>
</indexColumnUsage>
</ind_PK_UK>
<ind_PK_UK id="0237E0FA-28CE-94D5-53D1-4F8D6BA6ACDE" name="PROVINCIA_REGION_FK">
<createdBy>dragu</createdBy>
<createdTime>2026-02-09 23:35:17 UTC</createdTime>
<generatorID>7DBCE38C-ED6B-5576-6A03-F9C54F62F1E1</generatorID>
<ownerDesignName>s5_roberto_sandoval</ownerDesignName>
<indexState>Foreign Key</indexState>
<isSurrogateKey>false</isSurrogateKey>
<indexColumnUsage>
<colUsage columnID="B675C186-0C26-DF81-0F95-0226727B05FE"/>
</indexColumnUsage>
</ind_PK_UK>
</indexes>
</Table>