<?xml version = '1.0' encoding = 'UTF-8'?>
<Table class="oracle.dbtools.crest.model.design.relational.Table" directorySegmentName="seg_0" id="3F9A2C63-BBE9-D62E-D6A4-5EE4A710C7C7" name="EMPRESA">
<createdBy>dragu</createdBy>
<createdTime>2026-02-09 23:35:17 UTC</createdTime>
<generatorID>B0FA1B8D-E357-C432-F0D1-484BE1E723A9</generatorID>
<ownerDesignName>s5_roberto_sandoval</ownerDesignName>
<importedID>B92E6D5A-5A12-575D-2B17-C337B4DAC0BC</importedID>
<allowColumnReorder>false</allowColumnReorder>
<existDependencyGenerateInDDl>true</existDependencyGenerateInDDl>
<parsed>true</parsed>
<columns itemClass="oracle.dbtools.crest.model.design.relational.Column">
<Column name="ID_PROVEEDOR" id="DEF242C1-FF91-B4D2-6717-F806C4F3A152">
<createdBy>dragu</createdBy>
<createdTime>2026-02-09 23:35:17 UTC</createdTime>
<generatorID>4935BC8B-F9F5-2AC1-2E00-75C99B1B5CE7</generatorID>
<ownerDesignName>s5_roberto_sandoval</ownerDesignName>
<importedID>21324319-CF67-B35B-5D4D-962B794F0849</importedID>
<useDomainConstraints>false</useDomainConstraints>
<use>1</use>
<logicalDatatype>LOGDT019</logicalDatatype>
<dataTypePrecision>10</dataTypePrecision>
<ownDataTypeParameters>,10,</ownDataTypeParameters>
<autoIncrementCycle>false</autoIncrementCycle>
<associations>
<colAssociation fkAssociation="518E2580-473F-3BA7-641F-D1EA5BC2EA15" referredColumn="5B80CAC5-BFB9-415B-D262-1BDAD183D90E"/>
</associations>
</Column>
<Column name="TELEFONO" id="CC913A43-EBFA-DED5-26B3-2E0318F08445">
<createdBy>dragu</createdBy>
<createdTime>2026-02-09 23:35:17 UTC</createdTime>
<generatorID>8BDC1C51-3927-5292-815E-5984D451758B</generatorID>
<ownerDesignName>s5_roberto_sandoval</ownerDesignName>
<importedID>5A1F556E-E26F-BC67-777B-7D172C224DFC</importedID>
<useDomainConstraints>false</useDomainConstraints>
<use>1</use>
<logicalDatatype>LOGDT024</logicalDatatype>
<dataTypeSize>15</dataTypeSize>
<ownDataTypeParameters>15,,</ownDataTypeParameters>
<autoIncrementCycle>false</autoIncrementCycle>
</Column>
<Column name="CORREO" id="3C512EA2-C80E-3F37-523D-1434653A07D6">
<createdBy>dragu</createdBy>
<createdTime>2026-02-09 23:35:17 UTC</createdTime>
<generatorID>355FB8D8-C140-5C1F-2678-B181D96AD206</generatorID>
<ownerDesignName>s5_roberto_sandoval</ownerDesignName>
<importedID>997B1679-48BB-F6A9-9F52-F4CD1DE9C841</importedID>
<useDomainConstraints>false</useDomainConstraints>
<use>1</use>
<logicalDatatype>LOGDT024</logicalDatatype>
<dataTypeSize>100</dataTypeSize>
<ownDataTypeParameters>100,,</ownDataTypeParameters>
<autoIncrementCycle>false</autoIncrementCycle>
</Column>
<Column name="TIPO_PROVEEDOR" id="A1EDE889-F664-AB94-EBD9-CF24E016CD52">
<createdBy>dragu</createdBy>
<createdTime>2026-02-09 23:35:17 UTC</createdTime>
<generatorID>4917EF04-1D7E-E440-EAE0-64B0F953ADED</generatorID>
<ownerDesignName>s5_roberto_sandoval</ownerDesignName>
<importedID>16ADAAAD-6577-B885-59C0-F18188A19C6A</importedID>
<useDomainConstraints>false</useDomainConstraints>
<use>1</use>
<logicalDatatype>LOGDT024</logicalDatatype>
<dataTypeSize>1</dataTypeSize>
<ownDataTypeParameters>1,,</ownDataTypeParameters>
<autoIncrementCycle>false</autoIncrementCycle>
</Column>
<Column name="RUT_EMPRESA" id="AAA4CACC-943A-06F1-16F7-4D36B1AD5A99">
<createdBy>dragu</createdBy>
<createdTime>2026-02-09 23:35:17 UTC</createdTime>
<generatorID>5583DC29-AAD1-BEAA-F691-DF62EFE2C105</generatorID>
<ownerDesignName>s5_roberto_sandoval</ownerDesignName>
<importedID>B39F677A-A257-C87A-88E3-837D57651BBF</importedID>
<useDomainConstraints>false</useDomainConstraints>
<use>1</use>
<logicalDatatype>LOGDT024</logicalDatatype>
<dataTypeSize>12</dataTypeSize>
<ownDataTypeParameters>12,,</ownDataTypeParameters>
<autoIncrementCycle>false</autoIncrementCycle>
</Column>
<Column name="RAZON_SOCIAL" id="9FCDAECC-70E5-5399-7769-FE205CA08433">
<createdBy>dragu</createdBy>
<createdTime>2026-02-09 23:35:17 UTC</createdTime>
<generatorID>B0FC3651-3243-9A2E-F335-3CF46AF2FC8F</generatorID>
<ownerDesignName>s5_roberto_sandoval</ownerDesignName>
<importedID>C402991C-A446-8194-9BB0-8A68D31684E3</importedID>
<useDomainConstraints>false</useDomainConstraints>
<use>1</use>
<logicalDatatype>LOGDT024</logicalDatatype>
<dataTypeSize>100</dataTypeSize>
<ownDataTypeParameters>100,,</ownDataTypeParameters>
<autoIncrementCycle>false</autoIncrementCycle>
</Column>
<Column name="SITIO_WEB" id="F7176D26-526B-78E4-7B73-FE1594F67F3B">
<createdBy>dragu</createdBy>
<createdTime>2026-02-09 23:35:17 UTC</createdTime>
<generatorID>028EFF9E-4DE6-A087-6DFB-3638073DED58</generatorID>
<ownerDesignName>s5_roberto_sandoval</ownerDesignName>
<importedID>3A991A39-1CAA-A0FA-47EB-84B6A23BD9FA</importedID>
<nullsAllowed>true</nullsAllowed>
<useDomainConstraints>false</useDomainConstraints>
<use>1</use>
<logicalDatatype>LOGDT024</logicalDatatype>
<dataTypeSize>100</dataTypeSize>
<ownDataTypeParameters>100,,</ownDataTypeParameters>
<autoIncrementCycle>false</autoIncrementCycle>
</Column>
</columns>
<indexes itemClass="oracle.dbtools.crest.model.design.relational.Index">
<ind_PK_UK id="55BFF970-0D42-8DEC-AC45-849DB56CF50D" name="EMPRESA_PK">
<createdBy>dragu</createdBy>
<createdTime>2026-02-09 23:35:17 UTC</createdTime>
<generatorID>5640B7F8-52D2-5BCB-3CB9-3C26A4052243</generatorID>
<ownerDesignName>s5_roberto_sandoval</ownerDesignName>
<importedID>3A1EDCD4-F8B2-5599-0C22-B07DDD00C8C5</importedID>
<pk>true</pk>
<indexState>Primary Constraint</indexState>
<isSurrogateKey>false</isSurrogateKey>
<indexColumnUsage>
<colUsage columnID="DEF242C1-FF91-B4D2-6717-F806C4F3A152"/>
</indexColumnUsage>
</ind_PK_UK>
<ind_PK_UK id="6FA9E167-959D-96C1-E50B-129E3AEF48AF" name="EMPRESA_PKv1">
<createdBy>dragu</createdBy>
<createdTime>2026-02-09 23:35:17 UTC</createdTime>
<generatorID>A666B169-ED18-7870-9144-797B6E5ACAEB</generatorID>
<ownerDesignName>s5_roberto_sandoval</ownerDesignName>
<importedID>E1C1FC3C-08E5-1908-4FFF-E0542579081E</importedID>
<indexState>Unique Constraint</indexState>
<isSurrogateKey>false</isSurrogateKey>
<indexColumnUsage>
<colUsage columnID="AAA4CACC-943A-06F1-16F7-4D36B1AD5A99"/>
</indexColumnUsage>
</ind_PK_UK>
<ind_PK_UK id="06360D01-BAB7-E389-D661-84451D46FAD6" name="EMPRESA_PROVEEDOR_FK">
<createdBy>dragu</createdBy>
<createdTime>2026-02-09 23:35:17 UTC</createdTime>
<generatorID>87AE0975-AD47-B665-A295-F4476FB82824</generatorID>
<ownerDesignName>s5_roberto_sandoval</ownerDesignName>
<indexState>Foreign Key</indexState>
<isSurrogateKey>false</isSurrogateKey>
<indexColumnUsage>
<colUsage columnID="DEF242C1-FF91-B4D2-6717-F806C4F3A152"/>
</indexColumnUsage>
</ind_PK_UK>
</indexes>
</Table>