<?xml version = '1.0' encoding = 'UTF-8'?>
<Table class="oracle.dbtools.crest.model.design.relational.Table" directorySegmentName="seg_0" id="40871A58-F11B-D04C-13EC-AADCB57B9944" name="MODELO">
<createdBy>dragu</createdBy>
<createdTime>2026-02-09 23:35:17 UTC</createdTime>
<generatorID>1B5AF054-9DCA-AEC8-0BA1-5F505C3D52EB</generatorID>
<ownerDesignName>s5_roberto_sandoval</ownerDesignName>
<importedID>DEDDA486-7F9C-45D9-220A-C992201D3C26</importedID>
<allowColumnReorder>false</allowColumnReorder>
<existDependencyGenerateInDDl>true</existDependencyGenerateInDDl>
<parsed>true</parsed>
<columns itemClass="oracle.dbtools.crest.model.design.relational.Column">
<Column name="ID_MODELO" id="A1E10503-36AF-944E-6748-31A4C6671A78">
<createdBy>dragu</createdBy>
<createdTime>2026-02-09 23:35:17 UTC</createdTime>
<generatorID>91603D01-2AB9-D607-87C1-EC59CDE4A8C4</generatorID>
<ownerDesignName>s5_roberto_sandoval</ownerDesignName>
<importedID>5A13921F-91CF-330A-95E0-64586C726BDA</importedID>
<useDomainConstraints>false</useDomainConstraints>
<use>1</use>
<logicalDatatype>LOGDT019</logicalDatatype>
<dataTypePrecision>10</dataTypePrecision>
<ownDataTypeParameters>,10,</ownDataTypeParameters>
<autoIncrementCycle>false</autoIncrementCycle>
</Column>
<Column name="NOMBRE_MODELO" id="95620C32-0756-694E-11EE-8AFC714C3D04">
<createdBy>dragu</createdBy>
<createdTime>2026-02-09 23:35:17 UTC</createdTime>
<generatorID>198F52D8-98B1-79DE-4BD3-567771801693</generatorID>
<ownerDesignName>s5_roberto_sandoval</ownerDesignName>
<importedID>8EC7C835-20E8-A26D-9AC3-D776685A0502</importedID>
<useDomainConstraints>false</useDomainConstraints>
<use>1</use>
<logicalDatatype>LOGDT024</logicalDatatype>
<dataTypeSize>50</dataTypeSize>
<ownDataTypeParameters>50,,</ownDataTypeParameters>
<autoIncrementCycle>false</autoIncrementCycle>
</Column>
<Column name="MARCA_ID_MARCA" id="5DF4EC3A-C222-53C9-70F6-E27223589AD7">
<createdBy>dragu</createdBy>
<createdTime>2026-02-09 23:35:17 UTC</createdTime>
<generatorID>E23CA9EA-9055-DB90-D11F-2EF3B8C5C85C</generatorID>
<ownerDesignName>s5_roberto_sandoval</ownerDesignName>
<importedID>AAD7CD2B-2A4D-D289-15AC-3710B09B161F</importedID>
<nullsAllowed>true</nullsAllowed>
<useDomainConstraints>false</useDomainConstraints>
<use>1</use>
<logicalDatatype>LOGDT019</logicalDatatype>
<dataTypePrecision>10</dataTypePrecision>
<ownDataTypeParameters>,10,</ownDataTypeParameters>
<autoIncrementCycle>false</autoIncrementCycle>
<associations>
<colAssociation fkAssociation="09CA831C-1E98-9EC3-CB9E-FBA9850D705E" referredColumn="D5183CF3-6F40-890A-09DB-7A578EE5EF1A"/>
</associations>
</Column>
</columns>
<indexes itemClass="oracle.dbtools.crest.model.design.relational.Index">
<ind_PK_UK id="554EF6FE-EB44-038F-7C97-039D81BBD4C2" name="MODELO_PK">
<createdBy>dragu</createdBy>
<createdTime>2026-02-09 23:35:17 UTC</createdTime>
<generatorID>CEBA6886-69ED-70AD-ED1F-6522E69759CA</generatorID>
<ownerDesignName>s5_roberto_sandoval</ownerDesignName>
<importedID>C2D5B3FD-E478-F25E-A6ED-75FE1FD6C543</importedID>
<pk>true</pk>
<indexState>Primary Constraint</indexState>
<isSurrogateKey>false</isSurrogateKey>
<indexColumnUsage>
<colUsage columnID="A1E10503-36AF-944E-6748-31A4C6671A78"/>
</indexColumnUsage>
</ind_PK_UK>
<ind_PK_UK id="D6DDE29F-C487-6D7A-9C8F-775240FB6DC2" name="MODELO_MARCA_FK">
<createdBy>dragu</createdBy>
<createdTime>2026-02-09 23:35:17 UTC</createdTime>
<generatorID>2D8DE255-F732-E66B-BD3D-D1F0351C0CF7</generatorID>
<ownerDesignName>s5_roberto_sandoval</ownerDesignName>
<indexState>Foreign Key</indexState>
<isSurrogateKey>false</isSurrogateKey>
<indexColumnUsage>
<colUsage columnID="5DF4EC3A-C222-53C9-70F6-E27223589AD7"/>
</indexColumnUsage>
</ind_PK_UK>
</indexes>
</Table>