<?xml version = '1.0' encoding = 'UTF-8'?>
<Table class="oracle.dbtools.crest.model.design.relational.Table" directorySegmentName="seg_0" id="41D24E7B-1E4A-E054-692F-336728FFD4EF" name="PROVEEDORES_PRODUCTOS">
<createdBy>dragu</createdBy>
<createdTime>2026-02-09 23:35:17 UTC</createdTime>
<ownerDesignName>s5_roberto_sandoval</ownerDesignName>
<importedID>86F6E894-5468-3950-A7B7-2C557AF3E068</importedID>
<allowColumnReorder>false</allowColumnReorder>
<existDependencyGenerateInDDl>true</existDependencyGenerateInDDl>
<parsed>true</parsed>
<columns itemClass="oracle.dbtools.crest.model.design.relational.Column">
<Column name="PROVEEDOR_ID_PROVEEDOR" id="8E2F1FF3-C6EA-2921-A36C-8B210C71D4C2">
<createdBy>dragu</createdBy>
<createdTime>2026-02-09 23:35:17 UTC</createdTime>
<ownerDesignName>s5_roberto_sandoval</ownerDesignName>
<importedID>AB611B7C-7317-9496-584A-63EB480985F7</importedID>
<useDomainConstraints>false</useDomainConstraints>
<use>1</use>
<logicalDatatype>LOGDT019</logicalDatatype>
<dataTypePrecision>10</dataTypePrecision>
<ownDataTypeParameters>,10,</ownDataTypeParameters>
<autoIncrementCycle>false</autoIncrementCycle>
<associations>
<colAssociation fkAssociation="C6E97694-A9E6-42AE-F428-8EB33FD2272D" referredColumn="5B80CAC5-BFB9-415B-D262-1BDAD183D90E"/>
</associations>
</Column>
<Column name="PRODUCTO_ID_PRODUCTO" id="C19AF121-80AB-9EE7-ED0C-2CA99C6DE6C9">
<createdBy>dragu</createdBy>
<createdTime>2026-02-09 23:35:17 UTC</createdTime>
<ownerDesignName>s5_roberto_sandoval</ownerDesignName>
<importedID>310A3B72-0A48-CA4F-D271-FF0D2F47F092</importedID>
<useDomainConstraints>false</useDomainConstraints>
<use>1</use>
<logicalDatatype>LOGDT019</logicalDatatype>
<dataTypePrecision>10</dataTypePrecision>
<ownDataTypeParameters>,10,</ownDataTypeParameters>
<autoIncrementCycle>false</autoIncrementCycle>
<associations>
<colAssociation fkAssociation="7FBFE991-677F-3949-424D-A78F2F238931" referredColumn="098EF82B-D810-3AE2-D338-76716ADC5B71"/>
</associations>
</Column>
</columns>
<indexes itemClass="oracle.dbtools.crest.model.design.relational.Index">
<ind_PK_UK id="39F6F2E2-57A9-96F6-8CA4-8E5285E2680E" name="PROVEEDORES_PRODUCTOS_PK">
<createdBy>dragu</createdBy>
<createdTime>2026-02-09 23:35:17 UTC</createdTime>
<ownerDesignName>s5_roberto_sandoval</ownerDesignName>
<importedID>372C2A21-588D-00DF-2A0B-A10E5CD56023</importedID>
<pk>true</pk>
<indexState>Primary Constraint</indexState>
<isSurrogateKey>false</isSurrogateKey>
<indexColumnUsage>
<colUsage columnID="8E2F1FF3-C6EA-2921-A36C-8B210C71D4C2"/>
<colUsage columnID="C19AF121-80AB-9EE7-ED0C-2CA99C6DE6C9"/>
</indexColumnUsage>
</ind_PK_UK>
<ind_PK_UK id="8AAD51FC-7F21-7256-B55D-B3A43C42CED4" name="PROVEEDORES_PRODUCTOS_PROVEEDOR_FK">
<createdBy>dragu</createdBy>
<createdTime>2026-02-09 23:35:17 UTC</createdTime>
<generatorID>A3B696F6-4F28-5953-94C7-863B9269055B</generatorID>
<ownerDesignName>s5_roberto_sandoval</ownerDesignName>
<indexState>Foreign Key</indexState>
<isSurrogateKey>false</isSurrogateKey>
<indexColumnUsage>
<colUsage columnID="8E2F1FF3-C6EA-2921-A36C-8B210C71D4C2"/>
</indexColumnUsage>
</ind_PK_UK>
<ind_PK_UK id="A77190E1-B469-05D2-BEEF-7E5BA51C31C2" name="PROVEEDORES_PRODUCTOS_PRODUCTO_FK">
<createdBy>dragu</createdBy>
<createdTime>2026-02-09 23:35:17 UTC</createdTime>
<generatorID>A3B696F6-4F28-5953-94C7-863B9269055B</generatorID>
<ownerDesignName>s5_roberto_sandoval</ownerDesignName>
<indexState>Foreign Key</indexState>
<isSurrogateKey>false</isSurrogateKey>
<indexColumnUsage>
<colUsage columnID="C19AF121-80AB-9EE7-ED0C-2CA99C6DE6C9"/>
</indexColumnUsage>
</ind_PK_UK>
</indexes>
</Table>