<?xml version = '1.0' encoding = 'UTF-8'?>
<Table class="oracle.dbtools.crest.model.design.relational.Table" directorySegmentName="seg_0" id="4DF99A43-305A-0673-43E8-0C77B3FCCF79" name="SUCURSAL">
<createdBy>dragu</createdBy>
<createdTime>2026-02-09 23:35:17 UTC</createdTime>
<generatorID>068EEF6E-1C18-0BDB-C9F6-21A915F55649</generatorID>
<ownerDesignName>s5_roberto_sandoval</ownerDesignName>
<importedID>0E7B662F-1042-6912-5554-933C70183FE2</importedID>
<allowColumnReorder>false</allowColumnReorder>
<existDependencyGenerateInDDl>true</existDependencyGenerateInDDl>
<parsed>true</parsed>
<columns itemClass="oracle.dbtools.crest.model.design.relational.Column">
<Column name="ID_SUCURSAL" id="8FAB2960-713A-754D-DAB5-102064155133">
<createdBy>dragu</createdBy>
<createdTime>2026-02-09 23:35:17 UTC</createdTime>
<generatorID>FE98AF40-1D42-7A29-DBB3-7E8386555BD0</generatorID>
<ownerDesignName>s5_roberto_sandoval</ownerDesignName>
<importedID>43E8787C-DD72-5ABA-D744-E188CEF0884A</importedID>
<useDomainConstraints>false</useDomainConstraints>
<use>1</use>
<logicalDatatype>LOGDT019</logicalDatatype>
<dataTypePrecision>10</dataTypePrecision>
<ownDataTypeParameters>,10,</ownDataTypeParameters>
<autoIncrementCycle>false</autoIncrementCycle>
</Column>
<Column name="NOMBRE_SUCURSAL" id="AEE39A8A-CAD3-B9CC-019F-935A43013C48">
<createdBy>dragu</createdBy>
<createdTime>2026-02-09 23:35:17 UTC</createdTime>
<generatorID>313E0DC4-F7EF-58FE-E29E-8872A4019E90</generatorID>
<ownerDesignName>s5_roberto_sandoval</ownerDesignName>
<importedID>18C688F6-B183-45AF-DEF5-FFF60AEE725D</importedID>
<useDomainConstraints>false</useDomainConstraints>
<use>1</use>
<logicalDatatype>LOGDT024</logicalDatatype>
<dataTypeSize>50</dataTypeSize>
<ownDataTypeParameters>50,,</ownDataTypeParameters>
<autoIncrementCycle>false</autoIncrementCycle>
</Column>
<Column name="DIRECCION" id="32AD6306-F15B-1187-CF6E-103E4F5ED649">
<createdBy>dragu</createdBy>
<createdTime>2026-02-09 23:35:17 UTC</createdTime>
<generatorID>C9ABCEE4-9EF1-E783-3E87-A899EF769669</generatorID>
<ownerDesignName>s5_roberto_sandoval</ownerDesignName>
<importedID>9CD9AC6C-7E4B-71B0-2680-CF375D3139D2</importedID>
<useDomainConstraints>false</useDomainConstraints>
<use>1</use>
<logicalDatatype>LOGDT024</logicalDatatype>
<dataTypeSize>100</dataTypeSize>
<ownDataTypeParameters>100,,</ownDataTypeParameters>
<autoIncrementCycle>false</autoIncrementCycle>
</Column>
<Column name="COMUNA_ID_COMUNA" id="A87F22B9-DF27-47AE-239B-ED20ABCC4686">
<createdBy>dragu</createdBy>
<createdTime>2026-02-09 23:35:17 UTC</createdTime>
<generatorID>DD4EBE9C-719E-2949-5D1A-0FBC45D86575</generatorID>
<ownerDesignName>s5_roberto_sandoval</ownerDesignName>
<importedID>D13755C5-F1E3-161D-8D96-1A2C91A5450D</importedID>
<useDomainConstraints>false</useDomainConstraints>
<use>1</use>
<logicalDatatype>LOGDT019</logicalDatatype>
<dataTypePrecision>10</dataTypePrecision>
<ownDataTypeParameters>,10,</ownDataTypeParameters>
<autoIncrementCycle>false</autoIncrementCycle>
<associations>
<colAssociation fkAssociation="F62DDD58-6480-4D5E-3C77-0BB63B552E63" referredColumn="59CD6E41-CE46-6943-3555-7D082841279D"/>
</associations>
</Column>
</columns>
<indexes itemClass="oracle.dbtools.crest.model.design.relational.Index">
<ind_PK_UK id="556E12B2-0B2B-D2DB-3847-DF57F4DD05B5" name="SUCURSAL_PK">
<createdBy>dragu</createdBy>
<createdTime>2026-02-09 23:35:17 UTC</createdTime>
<generatorID>5ABE5168-EE11-CD54-2AE5-F09AF81DE939</generatorID>
<ownerDesignName>s5_roberto_sandoval</ownerDesignName>
<importedID>FE15FE1B-5646-5240-160C-F3F525B95B50</importedID>
<pk>true</pk>
<indexState>Primary Constraint</indexState>
<isSurrogateKey>false</isSurrogateKey>
<indexColumnUsage>
<colUsage columnID="8FAB2960-713A-754D-DAB5-102064155133"/>
</indexColumnUsage>
</ind_PK_UK>
<ind_PK_UK id="8D47819C-94AD-702B-8145-491C963E73A8" name="SUCURSAL_COMUNA_FK">
<createdBy>dragu</createdBy>
<createdTime>2026-02-09 23:35:17 UTC</createdTime>
<generatorID>CFE246F2-52CC-6D32-AF2D-DE98403485B0</generatorID>
<ownerDesignName>s5_roberto_sandoval</ownerDesignName>
<indexState>Foreign Key</indexState>
<isSurrogateKey>false</isSurrogateKey>
<indexColumnUsage>
<colUsage columnID="A87F22B9-DF27-47AE-239B-ED20ABCC4686"/>
</indexColumnUsage>
</ind_PK_UK>
</indexes>
</Table>