<?xml version = '1.0' encoding = 'UTF-8'?>
<Table class="oracle.dbtools.crest.model.design.relational.Table" directorySegmentName="seg_0" id="53D77085-850A-3FC8-DB7B-185EC5F43EE5" name="CATEGORIA">
<createdBy>dragu</createdBy>
<createdTime>2026-02-09 23:35:17 UTC</createdTime>
<generatorID>ECC16985-9244-EC4A-799D-5A27B14FA931</generatorID>
<ownerDesignName>s5_roberto_sandoval</ownerDesignName>
<importedID>B1972E7D-CF70-878F-8D1F-B9C337541191</importedID>
<allowColumnReorder>false</allowColumnReorder>
<existDependencyGenerateInDDl>true</existDependencyGenerateInDDl>
<parsed>true</parsed>
<columns itemClass="oracle.dbtools.crest.model.design.relational.Column">
<Column name="ID_CATEGORIA" id="0E112E54-3DA7-E977-95A6-CCD88659EB7A">
<createdBy>dragu</createdBy>
<createdTime>2026-02-09 23:35:17 UTC</createdTime>
<generatorID>7EC64195-687D-52DF-A844-7E7C5E539CB7</generatorID>
<ownerDesignName>s5_roberto_sandoval</ownerDesignName>
<importedID>29D4F101-8549-FFD6-C8DF-AA99292FD638</importedID>
<useDomainConstraints>false</useDomainConstraints>
<use>1</use>
<logicalDatatype>LOGDT019</logicalDatatype>
<dataTypePrecision>10</dataTypePrecision>
<ownDataTypeParameters>,10,</ownDataTypeParameters>
<autoIncrementCycle>false</autoIncrementCycle>
</Column>
<Column name="NOMBRE_CATEGORIA" id="8F86D80A-C7CF-87C7-2A2E-7752455C3CD1">
<createdBy>dragu</createdBy>
<createdTime>2026-02-09 23:35:17 UTC</createdTime>
<generatorID>A4DFB3B5-F06C-54E5-09D1-36ABF684706D</generatorID>
<ownerDesignName>s5_roberto_sandoval</ownerDesignName>
<importedID>9971FAE7-A327-664A-4694-309065C76EDF</importedID>
<useDomainConstraints>false</useDomainConstraints>
<use>1</use>
<logicalDatatype>LOGDT024</logicalDatatype>
<dataTypeSize>50</dataTypeSize>
<ownDataTypeParameters>50,,</ownDataTypeParameters>
<autoIncrementCycle>false</autoIncrementCycle>
</Column>
<Column name="STOCK" id="8B2D192E-DECA-6286-7F31-CCFF1B66E253">
<createdBy>dragu</createdBy>
<createdTime>2026-02-09 23:35:17 UTC</createdTime>
<generatorID>1B63FC06-50B0-9BBC-6FB6-B18CE6311E80</generatorID>
<ownerDesignName>s5_roberto_sandoval</ownerDesignName>
<importedID>22682E47-3562-4D26-BC53-475B7CDEB9B0</importedID>
<nullsAllowed>true</nullsAllowed>
<useDomainConstraints>false</useDomainConstraints>
<use>1</use>
<logicalDatatype>LOGDT019</logicalDatatype>
<ownDataTypeParameters>,,</ownDataTypeParameters>
<autoIncrementCycle>false</autoIncrementCycle>
</Column>
</columns>
<indexes itemClass="oracle.dbtools.crest.model.design.relational.Index">
<ind_PK_UK id="D0AFFF8D-8129-370E-93FE-D23D779B6CF0" name="CATEGORIA_PK">
<createdBy>dragu</createdBy>
<createdTime>2026-02-09 23:35:17 UTC</createdTime>
<generatorID>D1815137-5441-77D6-9FA4-BE1930497EA7</generatorID>
<ownerDesignName>s5_roberto_sandoval</ownerDesignName>
<importedID>992DD5A7-4093-C9A5-3583-367253B9CFB0</importedID>
<pk>true</pk>
<indexState>Primary Constraint</indexState>
<isSurrogateKey>false</isSurrogateKey>
<indexColumnUsage>
<colUsage columnID="0E112E54-3DA7-E977-95A6-CCD88659EB7A"/>
</indexColumnUsage>
</ind_PK_UK>
</indexes>
</Table>