<?xml version = '1.0' encoding = 'UTF-8'?>
<Table class="oracle.dbtools.crest.model.design.relational.Table" directorySegmentName="seg_0" id="65F730B0-7276-0B47-144D-67898B95120A" name="PERSONA">
<createdBy>dragu</createdBy>
<createdTime>2026-02-09 23:35:17 UTC</createdTime>
<generatorID>981CF170-3E3D-6EFE-ACFA-308B7B3A3FCE</generatorID>
<ownerDesignName>s5_roberto_sandoval</ownerDesignName>
<importedID>8A1C2499-AEB2-B758-D781-AF9ACD7D7A8E</importedID>
<allowColumnReorder>false</allowColumnReorder>
<existDependencyGenerateInDDl>true</existDependencyGenerateInDDl>
<parsed>true</parsed>
<columns itemClass="oracle.dbtools.crest.model.design.relational.Column">
<Column name="ID_PROVEEDOR" id="E22C698D-B617-3D89-383A-C79D0B4BBDFA">
<createdBy>dragu</createdBy>
<createdTime>2026-02-09 23:35:17 UTC</createdTime>
<generatorID>4935BC8B-F9F5-2AC1-2E00-75C99B1B5CE7</generatorID>
<ownerDesignName>s5_roberto_sandoval</ownerDesignName>
<importedID>883E8E23-2791-09ED-3571-0AF1DF0F0613</importedID>
<useDomainConstraints>false</useDomainConstraints>
<use>1</use>
<logicalDatatype>LOGDT019</logicalDatatype>
<dataTypePrecision>10</dataTypePrecision>
<ownDataTypeParameters>,10,</ownDataTypeParameters>
<autoIncrementCycle>false</autoIncrementCycle>
<associations>
<colAssociation fkAssociation="36260DD2-A9C1-C700-2D4B-1F8AFB6BDFEC" referredColumn="5B80CAC5-BFB9-415B-D262-1BDAD183D90E"/>
</associations>
</Column>
<Column name="TELEFONO" id="F3219542-FB4C-664B-01EC-8466A98E13AE">
<createdBy>dragu</createdBy>
<createdTime>2026-02-09 23:35:17 UTC</createdTime>
<generatorID>8BDC1C51-3927-5292-815E-5984D451758B</generatorID>
<ownerDesignName>s5_roberto_sandoval</ownerDesignName>
<importedID>503F5C90-27EC-E79E-F81D-CA5D08E58747</importedID>
<useDomainConstraints>false</useDomainConstraints>
<use>1</use>
<logicalDatatype>LOGDT024</logicalDatatype>
<dataTypeSize>15</dataTypeSize>
<ownDataTypeParameters>15,,</ownDataTypeParameters>
<autoIncrementCycle>false</autoIncrementCycle>
</Column>
<Column name="CORREO" id="F519849B-6668-A79B-F64B-25E3F57715F9">
<createdBy>dragu</createdBy>
<createdTime>2026-02-09 23:35:17 UTC</createdTime>
<generatorID>355FB8D8-C140-5C1F-2678-B181D96AD206</generatorID>
<ownerDesignName>s5_roberto_sandoval</ownerDesignName>
<importedID>BEBFE66E-B326-9E73-74C5-ACE50B13A96D</importedID>
<useDomainConstraints>false</useDomainConstraints>
<use>1</use>
<logicalDatatype>LOGDT024</logicalDatatype>
<dataTypeSize>100</dataTypeSize>
<ownDataTypeParameters>100,,</ownDataTypeParameters>
<autoIncrementCycle>false</autoIncrementCycle>
</Column>
<Column name="TIPO_PROVEEDOR" id="AF68F437-3AF6-C653-23CC-28DBD2CA8407">
<createdBy>dragu</createdBy>
<createdTime>2026-02-09 23:35:17 UTC</createdTime>
<generatorID>4917EF04-1D7E-E440-EAE0-64B0F953ADED</generatorID>
<ownerDesignName>s5_roberto_sandoval</ownerDesignName>
<importedID>8E947D86-121F-4DB4-B074-403392CBDCB0</importedID>
<useDomainConstraints>false</useDomainConstraints>
<use>1</use>
<logicalDatatype>LOGDT024</logicalDatatype>
<dataTypeSize>1</dataTypeSize>
<ownDataTypeParameters>1,,</ownDataTypeParameters>
<autoIncrementCycle>false</autoIncrementCycle>
</Column>
<Column name="RUT_PERSONA" id="620F8C56-D703-E648-AC8D-5F28A45208E2">
<createdBy>dragu</createdBy>
<createdTime>2026-02-09 23:35:17 UTC</createdTime>
<generatorID>9085DFFE-0A72-6B88-DB76-5F55CE1897C9</generatorID>
<ownerDesignName>s5_roberto_sandoval</ownerDesignName>
<importedID>02274961-A5AC-FC88-0BB1-F9579E2758B4</importedID>
<useDomainConstraints>false</useDomainConstraints>
<use>1</use>
<logicalDatatype>LOGDT024</logicalDatatype>
<dataTypeSize>12</dataTypeSize>
<ownDataTypeParameters>12,,</ownDataTypeParameters>
<autoIncrementCycle>false</autoIncrementCycle>
</Column>
<Column name="NOMBRE" id="6CA4B171-A2F2-2BD3-3C7F-1CC3EC0E0FEB">
<createdBy>dragu</createdBy>
<createdTime>2026-02-09 23:35:17 UTC</createdTime>
<generatorID>77DF6AAB-C847-4E0C-8983-CE525202A5CF</generatorID>
<ownerDesignName>s5_roberto_sandoval</ownerDesignName>
<importedID>6FC24C6E-5D45-F350-5A61-24FA45158165</importedID>
<useDomainConstraints>false</useDomainConstraints>
<use>1</use>
<logicalDatatype>LOGDT024</logicalDatatype>
<dataTypeSize>50</dataTypeSize>
<ownDataTypeParameters>50,,</ownDataTypeParameters>
<autoIncrementCycle>false</autoIncrementCycle>
</Column>
<Column name="APELLIDO_PATERNO" id="4FDDE4BB-E8D8-874C-83B5-75FA7D07A9C7">
<createdBy>dragu</createdBy>
<createdTime>2026-02-09 23:35:17 UTC</createdTime>
<generatorID>74210A15-A4A1-1EB5-5CF4-662948963ABB</generatorID>
<ownerDesignName>s5_roberto_sandoval</ownerDesignName>
<importedID>78DBBA61-C545-28B4-0BC2-4CB8EDD9CFB7</importedID>
<useDomainConstraints>false</useDomainConstraints>
<use>1</use>
<logicalDatatype>LOGDT024</logicalDatatype>
<dataTypeSize>50</dataTypeSize>
<ownDataTypeParameters>50,,</ownDataTypeParameters>
<autoIncrementCycle>false</autoIncrementCycle>
</Column>
<Column name="APELLIDO_MATERNO" id="90ED00EC-D926-4128-518E-095A1F45BC10">
<createdBy>dragu</createdBy>
<createdTime>2026-02-09 23:35:17 UTC</createdTime>
<generatorID>2F3636D0-30A4-8596-94C0-7F4D5B936F24</generatorID>
<ownerDesignName>s5_roberto_sandoval</ownerDesignName>
<importedID>01033B05-7864-DF41-E5EF-D553B6E95B4B</importedID>
<useDomainConstraints>false</useDomainConstraints>
<use>1</use>
<logicalDatatype>LOGDT024</logicalDatatype>
<ownDataTypeParameters>,,</ownDataTypeParameters>
<autoIncrementCycle>false</autoIncrementCycle>
</Column>
</columns>
<indexes itemClass="oracle.dbtools.crest.model.design.relational.Index">
<ind_PK_UK id="FB814864-D288-E5E3-7F6D-B96AC31E90CD" name="PERSONA_PK">
<createdBy>dragu</createdBy>
<createdTime>2026-02-09 23:35:17 UTC</createdTime>
<generatorID>5640B7F8-52D2-5BCB-3CB9-3C26A4052243</generatorID>
<ownerDesignName>s5_roberto_sandoval</ownerDesignName>
<importedID>3C1AD767-A2D0-F7F9-5796-55D1D58F6778</importedID>
<pk>true</pk>
<indexState>Primary Constraint</indexState>
<isSurrogateKey>false</isSurrogateKey>
<indexColumnUsage>
<colUsage columnID="E22C698D-B617-3D89-383A-C79D0B4BBDFA"/>
</indexColumnUsage>
</ind_PK_UK>
<ind_PK_UK id="42D0B0E4-04D9-531E-6A91-8118D6115C5D" name="PERSONA_PKv1">
<createdBy>dragu</createdBy>
<createdTime>2026-02-09 23:35:17 UTC</createdTime>
<generatorID>69A32CC8-4613-220C-3503-A9FACF856A5D</generatorID>
<ownerDesignName>s5_roberto_sandoval</ownerDesignName>
<importedID>148FCD91-E714-6FC3-E02A-09454CB3F3D2</importedID>
<indexState>Unique Constraint</indexState>
<isSurrogateKey>false</isSurrogateKey>
<indexColumnUsage>
<colUsage columnID="620F8C56-D703-E648-AC8D-5F28A45208E2"/>
</indexColumnUsage>
</ind_PK_UK>
<ind_PK_UK id="A336698E-3C75-7B5D-F440-AF3BCFD37653" name="PERSONA_PROVEEDOR_FK">
<createdBy>dragu</createdBy>
<createdTime>2026-02-09 23:35:17 UTC</createdTime>
<generatorID>63755AA3-A1FA-073E-33DE-AB87483F48F3</generatorID>
<ownerDesignName>s5_roberto_sandoval</ownerDesignName>
<indexState>Foreign Key</indexState>
<isSurrogateKey>false</isSurrogateKey>
<indexColumnUsage>
<colUsage columnID="E22C698D-B617-3D89-383A-C79D0B4BBDFA"/>
</indexColumnUsage>
</ind_PK_UK>
</indexes>
</Table>