<?xml version = '1.0' encoding = 'UTF-8'?>
<Table class="oracle.dbtools.crest.model.design.relational.Table" directorySegmentName="seg_0" id="70B482D8-D23D-1A9C-5816-04E4AEF290A4" name="CLIENTE">
<createdBy>dragu</createdBy>
<createdTime>2026-02-09 23:35:17 UTC</createdTime>
<generatorID>9A20E715-7690-FB7B-ADB0-EE950EF953F3</generatorID>
<ownerDesignName>s5_roberto_sandoval</ownerDesignName>
<importedID>4EA04311-E746-EAC6-800A-6E09C8ED8FB1</importedID>
<allowColumnReorder>false</allowColumnReorder>
<existDependencyGenerateInDDl>true</existDependencyGenerateInDDl>
<parsed>true</parsed>
<columns itemClass="oracle.dbtools.crest.model.design.relational.Column">
<Column name="ID_CLIENTE" id="3C9305F1-F959-29B4-758A-8EA2BFEADE26">
<createdBy>dragu</createdBy>
<createdTime>2026-02-09 23:35:17 UTC</createdTime>
<generatorID>A9E9D4DB-FC13-24A7-49DC-7AEE2778F6BC</generatorID>
<ownerDesignName>s5_roberto_sandoval</ownerDesignName>
<importedID>10773D4C-E026-F961-F966-A596A60EE64A</importedID>
<useDomainConstraints>false</useDomainConstraints>
<use>1</use>
<logicalDatatype>LOGDT019</logicalDatatype>
<ownDataTypeParameters>,,</ownDataTypeParameters>
<autoIncrementCycle>false</autoIncrementCycle>
</Column>
<Column name="NOMBRE" id="AE2E3C1A-6977-FB6C-D3B4-61F500D9BBFC">
<createdBy>dragu</createdBy>
<createdTime>2026-02-09 23:35:17 UTC</createdTime>
<generatorID>BD50BDD0-9FF9-DC37-87DB-E54C2D8024A9</generatorID>
<ownerDesignName>s5_roberto_sandoval</ownerDesignName>
<importedID>D06F47BF-0E6C-E8E0-4ADD-82D804783A7B</importedID>
<useDomainConstraints>false</useDomainConstraints>
<use>1</use>
<logicalDatatype>LOGDT024</logicalDatatype>
<dataTypeSize>50</dataTypeSize>
<ownDataTypeParameters>50,,</ownDataTypeParameters>
<autoIncrementCycle>false</autoIncrementCycle>
</Column>
<Column name="APELLIDO_PATERNO" id="B5E2F119-7456-6D70-E069-D9579BDAFEB6">
<createdBy>dragu</createdBy>
<createdTime>2026-02-09 23:35:17 UTC</createdTime>
<generatorID>50E1344C-D71D-BEDF-9606-3D42FCB42105</generatorID>
<ownerDesignName>s5_roberto_sandoval</ownerDesignName>
<importedID>9E06DE73-5929-A023-7110-CA578EDAB9D5</importedID>
<useDomainConstraints>false</useDomainConstraints>
<use>1</use>
<logicalDatatype>LOGDT024</logicalDatatype>
<dataTypeSize>50</dataTypeSize>
<ownDataTypeParameters>50,,</ownDataTypeParameters>
<autoIncrementCycle>false</autoIncrementCycle>
</Column>
<Column name="APELLIDO_MATERNO" id="C7E51A7D-E8F5-0DE8-A63A-4BE8A568CFDE">
<createdBy>dragu</createdBy>
<createdTime>2026-02-09 23:35:17 UTC</createdTime>
<generatorID>7826BBD3-92F9-5D36-F3CC-2167C753A241</generatorID>
<ownerDesignName>s5_roberto_sandoval</ownerDesignName>
<importedID>A7F9D210-2B16-35BB-27CC-DB5FDBA94F36</importedID>
<useDomainConstraints>false</useDomainConstraints>
<use>1</use>
<logicalDatatype>LOGDT024</logicalDatatype>
<dataTypeSize>50</dataTypeSize>
<ownDataTypeParameters>50,,</ownDataTypeParameters>
<autoIncrementCycle>false</autoIncrementCycle>
</Column>
<Column name="TELEFONO" id="4D0D5D09-31E2-B437-D877-4F157743FBCE">
<createdBy>dragu</createdBy>
<createdTime>2026-02-09 23:35:17 UTC</createdTime>
<generatorID>E3020DB4-B474-E557-2488-ABF7F5AA551F</generatorID>
<ownerDesignName>s5_roberto_sandoval</ownerDesignName>
<importedID>24AB2EE4-8403-D4DD-C83E-C5166C1F3607</importedID>
<useDomainConstraints>false</useDomainConstraints>
<use>1</use>
<logicalDatatype>LOGDT024</logicalDatatype>
<dataTypeSize>12</dataTypeSize>
<ownDataTypeParameters>12,,</ownDataTypeParameters>
<autoIncrementCycle>false</autoIncrementCycle>
</Column>
<Column name="COD_COMUNA" id="57E2AB35-B4B9-A169-30EA-2E5BCA20585E">
<createdBy>dragu</createdBy>
<createdTime>2026-02-09 23:35:17 UTC</createdTime>
<generatorID>1B73AE82-9C19-12E3-D146-9AA907E76B21</generatorID>
<ownerDesignName>s5_roberto_sandoval</ownerDesignName>
<importedID>83E37059-941D-4F48-036B-25678EB013EA</importedID>
<useDomainConstraints>false</useDomainConstraints>
<use>1</use>
<logicalDatatype>LOGDT024</logicalDatatype>
<dataTypeSize>10</dataTypeSize>
<ownDataTypeParameters>10,,</ownDataTypeParameters>
<autoIncrementCycle>false</autoIncrementCycle>
</Column>
</columns>
<indexes itemClass="oracle.dbtools.crest.model.design.relational.Index">
<ind_PK_UK id="6F915481-B0FB-087A-A4E6-49CAC5DE91F5" name="CLIENTE_PK">
<createdBy>dragu</createdBy>
<createdTime>2026-02-09 23:35:17 UTC</createdTime>
<generatorID>156BB6EB-E884-D3D7-FD2A-888BD6785F91</generatorID>
<ownerDesignName>s5_roberto_sandoval</ownerDesignName>
<importedID>C1E0C234-0FA1-73B5-C8B4-67B576EEEFF4</importedID>
<pk>true</pk>
<indexState>Primary Constraint</indexState>
<isSurrogateKey>false</isSurrogateKey>
<indexColumnUsage>
<colUsage columnID="3C9305F1-F959-29B4-758A-8EA2BFEADE26"/>
</indexColumnUsage>
</ind_PK_UK>
</indexes>
</Table>