<?xml version = '1.0' encoding = 'UTF-8'?>
<Table class="oracle.dbtools.crest.model.design.relational.Table" directorySegmentName="seg_0" id="85F16041-8C7C-CDCF-7647-04329FF656E2" name="PRODUCTO">
<createdBy>dragu</createdBy>
<createdTime>2026-02-09 23:35:17 UTC</createdTime>
<generatorID>E8E007FF-A9C7-7C9D-5234-25DD1E90C8A0</generatorID>
<ownerDesignName>s5_roberto_sandoval</ownerDesignName>
<importedID>C98756FF-B9EE-3D21-F622-62B654D521B7</importedID>
<allowColumnReorder>false</allowColumnReorder>
<existDependencyGenerateInDDl>true</existDependencyGenerateInDDl>
<parsed>true</parsed>
<columns itemClass="oracle.dbtools.crest.model.design.relational.Column">
<Column name="ID_PRODUCTO" id="098EF82B-D810-3AE2-D338-76716ADC5B71">
<createdBy>dragu</createdBy>
<createdTime>2026-02-09 23:35:17 UTC</createdTime>
<generatorID>9C0B4263-B7DF-0AEC-B867-DF19CE501FF2</generatorID>
<ownerDesignName>s5_roberto_sandoval</ownerDesignName>
<importedID>682D2612-722B-77DC-2AEB-0880C2C251FB</importedID>
<useDomainConstraints>false</useDomainConstraints>
<use>1</use>
<logicalDatatype>LOGDT019</logicalDatatype>
<dataTypePrecision>10</dataTypePrecision>
<ownDataTypeParameters>,10,</ownDataTypeParameters>
<autoIncrementCycle>false</autoIncrementCycle>
</Column>
<Column name="NOMBRE_PRODUCTO" id="422C74C3-4974-9968-A3B5-4BAD9339AC59">
<createdBy>dragu</createdBy>
<createdTime>2026-02-09 23:35:17 UTC</createdTime>
<generatorID>9AFB004B-D918-7708-FF31-98D9B562EADD</generatorID>
<ownerDesignName>s5_roberto_sandoval</ownerDesignName>
<importedID>900BC2B5-CBB6-A2A3-7590-A0E0D9116765</importedID>
<useDomainConstraints>false</useDomainConstraints>
<use>1</use>
<logicalDatatype>LOGDT024</logicalDatatype>
<dataTypeSize>100</dataTypeSize>
<ownDataTypeParameters>100,,</ownDataTypeParameters>
<autoIncrementCycle>false</autoIncrementCycle>
</Column>
<Column name="DESCRIPCION" id="1782A341-C5A1-3A04-3C1C-134ACEDED505">
<createdBy>dragu</createdBy>
<createdTime>2026-02-09 23:35:17 UTC</createdTime>
<generatorID>CD68124D-EC2C-8A97-698A-7FF872B86321</generatorID>
<ownerDesignName>s5_roberto_sandoval</ownerDesignName>
<importedID>F5FB6EF0-BC0D-F2C4-1744-2375E10EB4C7</importedID>
<nullsAllowed>true</nullsAllowed>
<useDomainConstraints>false</useDomainConstraints>
<use>1</use>
<logicalDatatype>LOGDT024</logicalDatatype>
<dataTypeSize>255</dataTypeSize>
<ownDataTypeParameters>255,,</ownDataTypeParameters>
<autoIncrementCycle>false</autoIncrementCycle>
</Column>
<Column name="PRECIO_UNITARIO" id="A9BA7C12-00CD-F789-2E35-43EFDD842097">
<createdBy>dragu</createdBy>
<createdTime>2026-02-09 23:35:17 UTC</createdTime>
<generatorID>6992E64D-149C-C1AE-3D8D-852C1A79AFB9</generatorID>
<ownerDesignName>s5_roberto_sandoval</ownerDesignName>
<importedID>383BB3D6-C60F-83D2-BC20-EB0AE3E8C842</importedID>
<useDomainConstraints>false</useDomainConstraints>
<use>1</use>
<logicalDatatype>LOGDT019</logicalDatatype>
<dataTypePrecision>10</dataTypePrecision>
<ownDataTypeParameters>,10,</ownDataTypeParameters>
<autoIncrementCycle>false</autoIncrementCycle>
</Column>
<Column name="CATEGORIA_ID_CATEGORIA" id="2EE3D12E-A5C1-B080-2794-ED5BDE02C354">
<createdBy>dragu</createdBy>
<createdTime>2026-02-09 23:35:17 UTC</createdTime>
<generatorID>93C9F1D9-0CC0-CBA7-B47C-38B0AE7D2414</generatorID>
<ownerDesignName>s5_roberto_sandoval</ownerDesignName>
<importedID>6A3F4B50-88AD-17E0-B359-2B7BA32F9FBA</importedID>
<useDomainConstraints>false</useDomainConstraints>
<use>1</use>
<logicalDatatype>LOGDT019</logicalDatatype>
<dataTypePrecision>10</dataTypePrecision>
<ownDataTypeParameters>,10,</ownDataTypeParameters>
<autoIncrementCycle>false</autoIncrementCycle>
<associations>
<colAssociation fkAssociation="CC4D492B-1237-398C-F7F6-E5CA5C05B8CE" referredColumn="0E112E54-3DA7-E977-95A6-CCD88659EB7A"/>
</associations>
</Column>
<Column name="MODELO_ID_MODELO" id="7D0D9086-996F-B55C-38ED-9193E7AE11B4">
<createdBy>dragu</createdBy>
<createdTime>2026-02-09 23:35:17 UTC</createdTime>
<generatorID>00D514F3-296E-3845-7E89-403A6A813793</generatorID>
<ownerDesignName>s5_roberto_sandoval</ownerDesignName>
<importedID>D00B1478-F43C-1D1E-DFF4-1A06AB8E62D4</importedID>
<useDomainConstraints>false</useDomainConstraints>
<use>1</use>
<logicalDatatype>LOGDT019</logicalDatatype>
<dataTypePrecision>10</dataTypePrecision>
<ownDataTypeParameters>,10,</ownDataTypeParameters>
<autoIncrementCycle>false</autoIncrementCycle>
<associations>
<colAssociation fkAssociation="3AFE8FA0-4869-8E39-293E-65599D58B3AF" referredColumn="A1E10503-36AF-944E-6748-31A4C6671A78"/>
</associations>
</Column>
<Column name="SUCURSAL_ID_SUCURSAL" id="9605A64D-60A3-811A-E715-76FBF960C837">
<createdBy>dragu</createdBy>
<createdTime>2026-02-09 23:35:17 UTC</createdTime>
<generatorID>E919884E-FC08-11C7-F42B-A4ED6070E859</generatorID>
<ownerDesignName>s5_roberto_sandoval</ownerDesignName>
<importedID>6FCFD8FC-E392-875C-167B-F09CB979C8BC</importedID>
<nullsAllowed>true</nullsAllowed>
<useDomainConstraints>false</useDomainConstraints>
<use>1</use>
<logicalDatatype>LOGDT019</logicalDatatype>
<dataTypePrecision>10</dataTypePrecision>
<ownDataTypeParameters>,10,</ownDataTypeParameters>
<autoIncrementCycle>false</autoIncrementCycle>
<associations>
<colAssociation fkAssociation="49AEA716-05CC-7787-61DF-BBD8ADAD2B74" referredColumn="8FAB2960-713A-754D-DAB5-102064155133"/>
</associations>
</Column>
<Column name="FECHA_VENCIMIENTO" id="291053B6-257B-BB5E-251D-9E2336DD340B">
<createdBy>dragu</createdBy>
<createdTime>2026-02-09 23:35:17 UTC</createdTime>
<generatorID>B21932BC-B10A-4B45-4CE4-D4CE32A0D873</generatorID>
<ownerDesignName>s5_roberto_sandoval</ownerDesignName>
<importedID>F2F060FC-8206-41A0-2FED-49EAEE345BAA</importedID>
<nullsAllowed>true</nullsAllowed>
<useDomainConstraints>false</useDomainConstraints>
<use>1</use>
<logicalDatatype>LOGDT007</logicalDatatype>
<ownDataTypeParameters>,,</ownDataTypeParameters>
<autoIncrementCycle>false</autoIncrementCycle>
</Column>
</columns>
<indexes itemClass="oracle.dbtools.crest.model.design.relational.Index">
<ind_PK_UK id="595F1216-23E0-CD84-C441-CA81EF108AB1" name="PRODUCTO_PK">
<createdBy>dragu</createdBy>
<createdTime>2026-02-09 23:35:17 UTC</createdTime>
<generatorID>94350176-B3AD-3B7E-7210-1EC2E83CABA2</generatorID>
<ownerDesignName>s5_roberto_sandoval</ownerDesignName>
<importedID>18061BF6-FB40-C474-B25E-880E128052BA</importedID>
<pk>true</pk>
<indexState>Primary Constraint</indexState>
<isSurrogateKey>false</isSurrogateKey>
<indexColumnUsage>
<colUsage columnID="098EF82B-D810-3AE2-D338-76716ADC5B71"/>
</indexColumnUsage>
</ind_PK_UK>
<ind_PK_UK id="BEBB8C4B-3CE2-7288-3405-44CE07233055" name="PRODUCTO_MODELO_FK">
<createdBy>dragu</createdBy>
<createdTime>2026-02-09 23:35:17 UTC</createdTime>
<generatorID>E1DE4FF8-C77A-A4BC-D7F7-0477952CD27F</generatorID>
<ownerDesignName>s5_roberto_sandoval</ownerDesignName>
<indexState>Foreign Key</indexState>
<isSurrogateKey>false</isSurrogateKey>
<indexColumnUsage>
<colUsage columnID="7D0D9086-996F-B55C-38ED-9193E7AE11B4"/>
</indexColumnUsage>
</ind_PK_UK>
<ind_PK_UK id="ECB23A9B-0DC8-61D6-179E-4C50ADD52467" name="PRODUCTO_SUCURSAL_FK">
<createdBy>dragu</createdBy>
<createdTime>2026-02-09 23:35:17 UTC</createdTime>
<generatorID>688DF515-9E69-C133-CAE5-CD8DD09607CD</generatorID>
<ownerDesignName>s5_roberto_sandoval</ownerDesignName>
<indexState>Foreign Key</indexState>
<isSurrogateKey>false</isSurrogateKey>
<indexColumnUsage>
<colUsage columnID="9605A64D-60A3-811A-E715-76FBF960C837"/>
</indexColumnUsage>
</ind_PK_UK>
<ind_PK_UK id="41B13EE4-F65B-5388-164A-0B456A3B060F" name="PRODUCTO_CATEGORIA_FK">
<createdBy>dragu</createdBy>
<createdTime>2026-02-09 23:35:17 UTC</createdTime>
<generatorID>B7233889-F61C-D338-1E73-55217D734303</generatorID>
<ownerDesignName>s5_roberto_sandoval</ownerDesignName>
<indexState>Foreign Key</indexState>
<isSurrogateKey>false</isSurrogateKey>
<indexColumnUsage>
<colUsage columnID="2EE3D12E-A5C1-B080-2794-ED5BDE02C354"/>
</indexColumnUsage>
</ind_PK_UK>
</indexes>
</Table>