<?xml version = '1.0' encoding = 'UTF-8'?>
<Table class="oracle.dbtools.crest.model.design.relational.Table" directorySegmentName="seg_0" id="8CA4EE4E-FF0C-22F7-826E-C01A0B5ED4C9" name="MARCA">
<createdBy>dragu</createdBy>
<createdTime>2026-02-09 23:35:17 UTC</createdTime>
<generatorID>3EAC997B-1A44-7B22-C1D1-034C2088EC84</generatorID>
<ownerDesignName>s5_roberto_sandoval</ownerDesignName>
<importedID>89621ED5-0FA1-57E6-2E7E-DFB59CEA0275</importedID>
<allowColumnReorder>false</allowColumnReorder>
<existDependencyGenerateInDDl>true</existDependencyGenerateInDDl>
<parsed>true</parsed>
<columns itemClass="oracle.dbtools.crest.model.design.relational.Column">
<Column name="ID_MARCA" id="D5183CF3-6F40-890A-09DB-7A578EE5EF1A">
<createdBy>dragu</createdBy>
<createdTime>2026-02-09 23:35:17 UTC</createdTime>
<generatorID>895EAA91-B177-73B0-FD4E-C84E99860958</generatorID>
<ownerDesignName>s5_roberto_sandoval</ownerDesignName>
<importedID>26B4FBA5-67DF-86E1-4BAC-71A1DEEC4977</importedID>
<useDomainConstraints>false</useDomainConstraints>
<use>1</use>
<logicalDatatype>LOGDT019</logicalDatatype>
<dataTypePrecision>10</dataTypePrecision>
<ownDataTypeParameters>,10,</ownDataTypeParameters>
<autoIncrementCycle>false</autoIncrementCycle>
</Column>
<Column name="NOMBRE_MARCA" id="902A4404-A4CE-0A2A-06C1-30DCBF57E3E7">
<createdBy>dragu</createdBy>
<createdTime>2026-02-09 23:35:17 UTC</createdTime>
<generatorID>86912509-6FFD-0884-1E00-C2C591A41042</generatorID>
<ownerDesignName>s5_roberto_sandoval</ownerDesignName>
<importedID>3F9A21A3-9A8E-CDF7-9DDB-C825B4CC28C2</importedID>
<useDomainConstraints>false</useDomainConstraints>
<use>1</use>
<logicalDatatype>LOGDT024</logicalDatatype>
<dataTypeSize>50</dataTypeSize>
<ownDataTypeParameters>50,,</ownDataTypeParameters>
<autoIncrementCycle>false</autoIncrementCycle>
</Column>
</columns>
<indexes itemClass="oracle.dbtools.crest.model.design.relational.Index">
<ind_PK_UK id="3B4F3BAA-A158-848E-E829-E45044D818B5" name="MARCA_PK">
<createdBy>dragu</createdBy>
<createdTime>2026-02-09 23:35:17 UTC</createdTime>
<generatorID>27591FBB-02BF-A9CA-EA6C-53E103359E08</generatorID>
<ownerDesignName>s5_roberto_sandoval</ownerDesignName>
<importedID>D984C8D8-EE69-DDDF-FC9A-C6A50006E71A</importedID>
<pk>true</pk>
<indexState>Primary Constraint</indexState>
<isSurrogateKey>false</isSurrogateKey>
<indexColumnUsage>
<colUsage columnID="D5183CF3-6F40-890A-09DB-7A578EE5EF1A"/>
</indexColumnUsage>
</ind_PK_UK>
</indexes>
</Table>