<?xml version = '1.0' encoding = 'UTF-8'?>
<Table class="oracle.dbtools.crest.model.design.relational.Table" directorySegmentName="seg_0" id="94E2BCF8-B08C-ABC6-1518-8B55C13063CF" name="BOLETA">
<createdBy>dragu</createdBy>
<createdTime>2026-02-09 23:35:17 UTC</createdTime>
<generatorID>A13272E2-81DE-3D01-BAD9-A08178FFAC9C</generatorID>
<ownerDesignName>s5_roberto_sandoval</ownerDesignName>
<importedID>69E0279A-131B-5B63-BE61-A2EBB8931AE0</importedID>
<allowColumnReorder>false</allowColumnReorder>
<existDependencyGenerateInDDl>true</existDependencyGenerateInDDl>
<parsed>true</parsed>
<columns itemClass="oracle.dbtools.crest.model.design.relational.Column">
<Column name="NUMERO_BOLETA" id="33FE88CA-8010-CF22-3788-D41161869909">
<createdBy>dragu</createdBy>
<createdTime>2026-02-09 23:35:17 UTC</createdTime>
<generatorID>46EA1B12-1038-7DB3-2230-7F188BB73946</generatorID>
<ownerDesignName>s5_roberto_sandoval</ownerDesignName>
<importedID>C3684339-A2D5-4D4F-51CA-953BC3DBFF5A</importedID>
<useDomainConstraints>false</useDomainConstraints>
<use>1</use>
<logicalDatatype>LOGDT019</logicalDatatype>
<ownDataTypeParameters>,,</ownDataTypeParameters>
<autoIncrementCycle>false</autoIncrementCycle>
</Column>
<Column name="CANTIDAD" id="FBA97448-D72B-42D9-7628-E82A71FECAE3">
<createdBy>dragu</createdBy>
<createdTime>2026-02-09 23:35:17 UTC</createdTime>
<generatorID>BA0916AE-0C17-62C3-0D88-463099E3DCC1</generatorID>
<ownerDesignName>s5_roberto_sandoval</ownerDesignName>
<importedID>90C10966-A0B1-8A2F-FBED-930C92E69AE2</importedID>
<useDomainConstraints>false</useDomainConstraints>
<use>1</use>
<logicalDatatype>LOGDT019</logicalDatatype>
<ownDataTypeParameters>,,</ownDataTypeParameters>
<autoIncrementCycle>false</autoIncrementCycle>
</Column>
<Column name="FECHA" id="4E19E459-938B-C3AE-7704-1C5DCCC38FC2">
<createdBy>dragu</createdBy>
<createdTime>2026-02-09 23:35:17 UTC</createdTime>
<generatorID>BA7BC4B4-954C-61BA-40E0-B3A0DCAB3779</generatorID>
<ownerDesignName>s5_roberto_sandoval</ownerDesignName>
<importedID>25DEC207-887F-A8BF-A524-B349D4B81F4A</importedID>
<useDomainConstraints>false</useDomainConstraints>
<use>1</use>
<logicalDatatype>LOGDT007</logicalDatatype>
<ownDataTypeParameters>,,</ownDataTypeParameters>
<autoIncrementCycle>false</autoIncrementCycle>
</Column>
<Column name="MONTO_TOTAL" id="4B86B3B7-F206-552E-3A62-7C2EE2F92D27">
<createdBy>dragu</createdBy>
<createdTime>2026-02-09 23:35:17 UTC</createdTime>
<generatorID>4368C68B-6205-4E0A-7975-D02ACDA94CF6</generatorID>
<ownerDesignName>s5_roberto_sandoval</ownerDesignName>
<importedID>A0C8B568-BD1A-2951-ECA2-D6085E5B6156</importedID>
<useDomainConstraints>false</useDomainConstraints>
<use>1</use>
<logicalDatatype>LOGDT019</logicalDatatype>
<ownDataTypeParameters>,,</ownDataTypeParameters>
<autoIncrementCycle>false</autoIncrementCycle>
</Column>
<Column name="DESCRIPCION" id="068AA842-85B9-5918-EA4A-8F6452D3A877">
<createdBy>dragu</createdBy>
<createdTime>2026-02-09 23:35:17 UTC</createdTime>
<generatorID>A08A40A6-A697-C087-78E3-9F973EAD0BDF</generatorID>
<ownerDesignName>s5_roberto_sandoval</ownerDesignName>
<importedID>0B79A79A-9F0B-0508-3607-65ECB26D5425</importedID>
<useDomainConstraints>false</useDomainConstraints>
<use>1</use>
<logicalDatatype>LOGDT024</logicalDatatype>
<dataTypeSize>250</dataTypeSize>
<ownDataTypeParameters>250,,</ownDataTypeParameters>
<autoIncrementCycle>false</autoIncrementCycle>
</Column>
<Column name="PRECIO_UNITARIO" id="C3870DD4-A383-476D-EA34-452B9116BD42">
<createdBy>dragu</createdBy>
<createdTime>2026-02-09 23:35:17 UTC</createdTime>
<generatorID>CED5289E-86FC-F5B9-3704-3DA6C046BA46</generatorID>
<ownerDesignName>s5_roberto_sandoval</ownerDesignName>
<importedID>ACBE9AE2-A086-20F5-F0BD-ECEE7EC6265F</importedID>
<useDomainConstraints>false</useDomainConstraints>
<use>1</use>
<logicalDatatype>LOGDT019</logicalDatatype>
<ownDataTypeParameters>,,</ownDataTypeParameters>
<autoIncrementCycle>false</autoIncrementCycle>
</Column>
<Column name="SUCURSAL_ID_SUCURSAL" id="9C92B51C-6FF2-DF62-1D5F-4FABCED8DED1">
<createdBy>dragu</createdBy>
<createdTime>2026-02-09 23:35:17 UTC</createdTime>
<generatorID>4353ACF8-F037-B5DA-9DB7-1D5224C4F55A</generatorID>
<ownerDesignName>s5_roberto_sandoval</ownerDesignName>
<importedID>F18F8494-67FC-96ED-34B3-288B29E53977</importedID>
<useDomainConstraints>false</useDomainConstraints>
<use>1</use>
<logicalDatatype>LOGDT019</logicalDatatype>
<dataTypePrecision>10</dataTypePrecision>
<ownDataTypeParameters>,10,</ownDataTypeParameters>
<autoIncrementCycle>false</autoIncrementCycle>
<associations>
<colAssociation fkAssociation="A6AAB845-473B-AE7B-28E3-35E85331A090" referredColumn="8FAB2960-713A-754D-DAB5-102064155133"/>
</associations>
</Column>
<Column name="PROVEEDOR_ID_PROVEEDOR" id="09083F4D-0EB3-252B-0D21-A69AB250583B">
<createdBy>dragu</createdBy>
<createdTime>2026-02-09 23:35:17 UTC</createdTime>
<generatorID>446FE8BB-B928-0B2D-C7D5-CAEA2A8C479A</generatorID>
<ownerDesignName>s5_roberto_sandoval</ownerDesignName>
<importedID>DCD8DE43-5466-A6F0-1B47-13EC0B82F26D</importedID>
<useDomainConstraints>false</useDomainConstraints>
<use>1</use>
<logicalDatatype>LOGDT019</logicalDatatype>
<dataTypePrecision>10</dataTypePrecision>
<ownDataTypeParameters>,10,</ownDataTypeParameters>
<autoIncrementCycle>false</autoIncrementCycle>
<associations>
<colAssociation fkAssociation="BBA00E84-5BA8-1DA4-4001-4A108401BA7D" referredColumn="5B80CAC5-BFB9-415B-D262-1BDAD183D90E"/>
</associations>
</Column>
<Column name="CLIENTE_ID_CLIENTE" id="37465900-B4C6-EEEA-9095-ACCAC2360C06">
<createdBy>dragu</createdBy>
<createdTime>2026-02-09 23:35:17 UTC</createdTime>
<generatorID>113F0528-FE18-09F3-C073-C574B685445E</generatorID>
<ownerDesignName>s5_roberto_sandoval</ownerDesignName>
<importedID>5F632ED1-7F6B-4088-2FC4-525FCC9EE2D3</importedID>
<useDomainConstraints>false</useDomainConstraints>
<use>1</use>
<logicalDatatype>LOGDT019</logicalDatatype>
<ownDataTypeParameters>,,</ownDataTypeParameters>
<autoIncrementCycle>false</autoIncrementCycle>
<associations>
<colAssociation fkAssociation="4A940F76-6430-0927-DB6D-03DD24BF2FE2" referredColumn="3C9305F1-F959-29B4-758A-8EA2BFEADE26"/>
</associations>
</Column>
</columns>
<indexes itemClass="oracle.dbtools.crest.model.design.relational.Index">
<ind_PK_UK id="B6C15B7B-F236-F84B-6BDE-895667F4BE3C" name="BOLETA_PK">
<createdBy>dragu</createdBy>
<createdTime>2026-02-09 23:35:17 UTC</createdTime>
<generatorID>36B239F4-74DB-6FB6-017D-66468213BEE4</generatorID>
<ownerDesignName>s5_roberto_sandoval</ownerDesignName>
<importedID>DF90B51A-30B7-AEC2-0BDB-2E5141E16130</importedID>
<pk>true</pk>
<indexState>Primary Constraint</indexState>
<isSurrogateKey>false</isSurrogateKey>
<indexColumnUsage>
<colUsage columnID="33FE88CA-8010-CF22-3788-D41161869909"/>
</indexColumnUsage>
</ind_PK_UK>
<ind_PK_UK id="E9898FC2-C175-4570-BF1F-39677D6ED93D" name="BOLETA_SUCURSAL_FK">
<createdBy>dragu</createdBy>
<createdTime>2026-02-09 23:35:17 UTC</createdTime>
<generatorID>2475A272-5A41-CAA6-3AF7-F6788129D50F</generatorID>
<ownerDesignName>s5_roberto_sandoval</ownerDesignName>
<indexState>Foreign Key</indexState>
<isSurrogateKey>false</isSurrogateKey>
<indexColumnUsage>
<colUsage columnID="9C92B51C-6FF2-DF62-1D5F-4FABCED8DED1"/>
</indexColumnUsage>
</ind_PK_UK>
<ind_PK_UK id="F9FFD04B-B2D8-F3F5-A15A-440A52140BBA" name="BOLETA_CLIENTE_FK">
<createdBy>dragu</createdBy>
<createdTime>2026-02-09 23:35:17 UTC</createdTime>
<generatorID>9586F1F8-B5BC-0A8F-81BE-E55DAEF26E2B</generatorID>
<ownerDesignName>s5_roberto_sandoval</ownerDesignName>
<indexState>Foreign Key</indexState>
<isSurrogateKey>false</isSurrogateKey>
<indexColumnUsage>
<colUsage columnID="37465900-B4C6-EEEA-9095-ACCAC2360C06"/>
</indexColumnUsage>
</ind_PK_UK>
<ind_PK_UK id="62B08E80-B815-6464-AFCE-BF6BDE6EF4C8" name="BOLETA_PROVEEDOR_FK">
<createdBy>dragu</createdBy>
<createdTime>2026-02-09 23:35:17 UTC</createdTime>
<generatorID>34107DEE-D380-CF47-D5E7-A53FEBD66E7F</generatorID>
<ownerDesignName>s5_roberto_sandoval</ownerDesignName>
<indexState>Foreign Key</indexState>
<isSurrogateKey>false</isSurrogateKey>
<indexColumnUsage>
<colUsage columnID="09083F4D-0EB3-252B-0D21-A69AB250583B"/>
</indexColumnUsage>
</ind_PK_UK>
</indexes>
</Table>