<?xml version = '1.0' encoding = 'UTF-8'?>
<Table class="oracle.dbtools.crest.model.design.relational.Table" directorySegmentName="seg_0" id="9AD897A1-5CC6-4638-4529-7782CF09366E" name="COMUNA">
<createdBy>dragu</createdBy>
<createdTime>2026-02-09 23:35:17 UTC</createdTime>
<generatorID>5713E35D-C978-9414-B469-FD8287569530</generatorID>
<ownerDesignName>s5_roberto_sandoval</ownerDesignName>
<importedID>59E04C60-9D2E-063E-7253-CBBEE5EA0C72</importedID>
<allowColumnReorder>false</allowColumnReorder>
<existDependencyGenerateInDDl>true</existDependencyGenerateInDDl>
<parsed>true</parsed>
<columns itemClass="oracle.dbtools.crest.model.design.relational.Column">
<Column name="ID_COMUNA" id="59CD6E41-CE46-6943-3555-7D082841279D">
<createdBy>dragu</createdBy>
<createdTime>2026-02-09 23:35:17 UTC</createdTime>
<generatorID>2E37DE20-A1CA-2584-8A12-56E815379BC8</generatorID>
<ownerDesignName>s5_roberto_sandoval</ownerDesignName>
<importedID>A9724FC2-0128-09FA-5FE0-A77D9A1916B4</importedID>
<useDomainConstraints>false</useDomainConstraints>
<use>1</use>
<logicalDatatype>LOGDT019</logicalDatatype>
<dataTypePrecision>10</dataTypePrecision>
<ownDataTypeParameters>,10,</ownDataTypeParameters>
<autoIncrementCycle>false</autoIncrementCycle>
</Column>
<Column name="NOMBRE_COMUNA" id="B05091D8-C85A-2001-BB5B-56C2121FF01B">
<createdBy>dragu</createdBy>
<createdTime>2026-02-09 23:35:17 UTC</createdTime>
<generatorID>8D0DA5A1-E8D7-891D-4EBF-F19F7B47DAF4</generatorID>
<ownerDesignName>s5_roberto_sandoval</ownerDesignName>
<importedID>64809FF5-963E-F457-3F3B-D55B327AEE54</importedID>
<useDomainConstraints>false</useDomainConstraints>
<use>1</use>
<logicalDatatype>LOGDT024</logicalDatatype>
<dataTypeSize>50</dataTypeSize>
<ownDataTypeParameters>50,,</ownDataTypeParameters>
<autoIncrementCycle>false</autoIncrementCycle>
</Column>
<Column name="PROVINCIA_ID_PROVINCIA" id="462FD4C8-F1BA-9CE3-677C-0E519B388608">
<createdBy>dragu</createdBy>
<createdTime>2026-02-09 23:35:17 UTC</createdTime>
<generatorID>6C6469EC-B627-7132-A4AD-886A78F22185</generatorID>
<ownerDesignName>s5_roberto_sandoval</ownerDesignName>
<importedID>307FD9D6-FC1B-FFEF-487A-60DB1CC1389C</importedID>
<nullsAllowed>true</nullsAllowed>
<useDomainConstraints>false</useDomainConstraints>
<use>1</use>
<logicalDatatype>LOGDT019</logicalDatatype>
<dataTypePrecision>10</dataTypePrecision>
<ownDataTypeParameters>,10,</ownDataTypeParameters>
<autoIncrementCycle>false</autoIncrementCycle>
<associations>
<colAssociation fkAssociation="9BEC88BC-B26C-0F7E-F51A-44F7DB095171" referredColumn="78C8FD3B-1F0F-86C0-DC28-E49F54F09E5D"/>
</associations>
</Column>
</columns>
<indexes itemClass="oracle.dbtools.crest.model.design.relational.Index">
<ind_PK_UK id="9ECC9A3F-F3B8-BC16-1BE7-CC4197433FE8" name="COMUNA_PK">
<createdBy>dragu</createdBy>
<createdTime>2026-02-09 23:35:17 UTC</createdTime>
<generatorID>39037E29-4932-F380-21AF-59392801BBCD</generatorID>
<ownerDesignName>s5_roberto_sandoval</ownerDesignName>
<importedID>98C4BBF1-EA10-7014-1D7C-918D36BE9640</importedID>
<pk>true</pk>
<indexState>Primary Constraint</indexState>
<isSurrogateKey>false</isSurrogateKey>
<indexColumnUsage>
<colUsage columnID="59CD6E41-CE46-6943-3555-7D082841279D"/>
</indexColumnUsage>
</ind_PK_UK>
<ind_PK_UK id="D4AA68B8-1471-0C78-2916-5CC936A73E95" name="COMUNA_PROVINCIA_FK">
<createdBy>dragu</createdBy>
<createdTime>2026-02-09 23:35:17 UTC</createdTime>
<generatorID>F745381E-FF7D-405F-12AD-BA25A9BD1EB9</generatorID>
<ownerDesignName>s5_roberto_sandoval</ownerDesignName>
<indexState>Foreign Key</indexState>
<isSurrogateKey>false</isSurrogateKey>
<indexColumnUsage>
<colUsage columnID="462FD4C8-F1BA-9CE3-677C-0E519B388608"/>
</indexColumnUsage>
</ind_PK_UK>
</indexes>
</Table>