<?xml version = '1.0' encoding = 'UTF-8'?>
<Table class="oracle.dbtools.crest.model.design.relational.Table" directorySegmentName="seg_0" id="E3E133B5-6A08-9490-AA15-BF04D9EA679A" name="REGION">
<createdBy>dragu</createdBy>
<createdTime>2026-02-09 23:35:17 UTC</createdTime>
<generatorID>F2BAC0FC-6987-8BE0-E280-05EF0BA8681E</generatorID>
<ownerDesignName>s5_roberto_sandoval</ownerDesignName>
<importedID>E4CFEED7-6F68-F585-B84E-778D811B5433</importedID>
<allowColumnReorder>false</allowColumnReorder>
<existDependencyGenerateInDDl>true</existDependencyGenerateInDDl>
<parsed>true</parsed>
<columns itemClass="oracle.dbtools.crest.model.design.relational.Column">
<Column name="ID_REGION" id="EF1480B2-8509-AB68-8DA3-A1C79A04BF00">
<createdBy>dragu</createdBy>
<createdTime>2026-02-09 23:35:17 UTC</createdTime>
<generatorID>32D6EADC-BA20-FE28-0866-3160F324262D</generatorID>
<ownerDesignName>s5_roberto_sandoval</ownerDesignName>
<importedID>37DC62F8-E8FE-2B7A-F54B-B361E3C45FCE</importedID>
<useDomainConstraints>false</useDomainConstraints>
<use>1</use>
<logicalDatatype>LOGDT019</logicalDatatype>
<dataTypePrecision>10</dataTypePrecision>
<ownDataTypeParameters>,10,</ownDataTypeParameters>
<autoIncrementCycle>false</autoIncrementCycle>
</Column>
<Column name="NOMBRE_REGION" id="B880D26C-2216-CC17-F4FE-70AAC4F09D15">
<createdBy>dragu</createdBy>
<createdTime>2026-02-09 23:35:17 UTC</createdTime>
<generatorID>2ABD8702-BB1E-A483-9777-553A9BE0E369</generatorID>
<ownerDesignName>s5_roberto_sandoval</ownerDesignName>
<importedID>F4500209-30D5-2FB7-1DB9-E31B197C2862</importedID>
<useDomainConstraints>false</useDomainConstraints>
<use>1</use>
<logicalDatatype>LOGDT024</logicalDatatype>
<dataTypeSize>50</dataTypeSize>
<ownDataTypeParameters>50,,</ownDataTypeParameters>
<autoIncrementCycle>false</autoIncrementCycle>
</Column>
</columns>
<indexes itemClass="oracle.dbtools.crest.model.design.relational.Index">
<ind_PK_UK id="AB84C926-792D-8D6A-9A50-BA3A6680E21D" name="REGION_PK">
<createdBy>dragu</createdBy>
<createdTime>2026-02-09 23:35:17 UTC</createdTime>
<generatorID>B964149F-10D9-4EE1-B356-9D9BA2D37ECC</generatorID>
<ownerDesignName>s5_roberto_sandoval</ownerDesignName>
<importedID>2E2833B2-5C6E-5572-538C-2655E62A6173</importedID>
<pk>true</pk>
<indexState>Primary Constraint</indexState>
<isSurrogateKey>false</isSurrogateKey>
<indexColumnUsage>
<colUsage columnID="EF1480B2-8509-AB68-8DA3-A1C79A04BF00"/>
</indexColumnUsage>
</ind_PK_UK>
</indexes>
</Table>