<?xml version = '1.0' encoding = 'UTF-8'?>
<relationalModel class="oracle.dbtools.crest.model.design.relational.RelationalDesign" name="Relational_1" id="46A69366-4F76-E656-EE30-8181757E9797" mainViewID="40AC18DF-DAFF-3781-3E7E-31FDA7C6EC74">
<createdBy>dragu</createdBy>
<createdTime>2026-02-09 23:34:51 UTC</createdTime>
<ownerDesignName>s5_roberto_sandoval2</ownerDesignName>
<shouldBeOpen>true</shouldBeOpen>
<selectedRDBMSSite>32076570-2523-435C-2E92-BF29817DFF70</selectedRDBMSSite>
</relationalModel>