<?xml version = '1.0' encoding = 'UTF-8'?>
<relationalModel class="oracle.dbtools.crest.model.design.relational.RelationalDesign" name="Relational_1(2)" id="D7CB63A9-3F32-A980-C58F-7B534D6B4EED" mainViewID="EAACB4CE-83C8-0013-CD0D-49AD6276B603">
<createdBy>dragu</createdBy>
<createdTime>2026-02-09 23:35:16 UTC</createdTime>
<ownerDesignName>s5_roberto_sandoval2</ownerDesignName>
<shouldBeOpen>true</shouldBeOpen>
<selectedRDBMSSite>32076570-2523-435C-2E92-BF29817DFF70</selectedRDBMSSite>
</relationalModel>