<?xml version = '1.0' encoding = 'UTF-8'?>
<Relation class="oracle.dbtools.crest.model.design.logical.Relation" name="Relation_6" directorySegmentName="seg_0" id="77C3F12B-BCA0-BAC1-C4EC-DABC4762B18A">
<createdBy>rober</createdBy>
<createdTime>2026-01-24 06:22:03 UTC</createdTime>
<ownerDesignName>s1_roberto_sandoval</ownerDesignName>
<engineerTo>
<item key="46CFDBDD-1B24-F6DC-D28B-2D1CCDC1EA27" value="true"/>
</engineerTo>
<sourcePk>223D7F86-CA86-329C-8C35-E84E6D4ED36B</sourcePk>
<identifying>false</identifying>
<optionalSource>true</optionalSource>
<optionalTarget>false</optionalTarget>
<sourceCardinality>1</sourceCardinality>
<sourceEntity>60E15AA2-93E4-F078-CB54-62412543B790</sourceEntity>
<targetCardinalityString>*</targetCardinalityString>
<targetEntity>54264926-5606-B239-A5BF-364C49DFEDE3</targetEntity>
<transferable>true</transferable>
<deleteRule>NO ACTION</deleteRule>
</Relation>