<?xml version = '1.0' encoding = 'UTF-8'?>
<Relation class="oracle.dbtools.crest.model.design.logical.Relation" name="Relation_7" directorySegmentName="seg_0" id="8A3292A3-8113-77E7-829B-E649ECDC376C">
<createdBy>rober</createdBy>
<createdTime>2026-01-24 06:22:13 UTC</createdTime>
<ownerDesignName>s1_roberto_sandoval</ownerDesignName>
<engineerTo>
<item key="46CFDBDD-1B24-F6DC-D28B-2D1CCDC1EA27" value="true"/>
</engineerTo>
<sourcePk>C218398A-385D-0F61-C2AF-B3147B916038</sourcePk>
<identifying>false</identifying>
<optionalSource>true</optionalSource>
<optionalTarget>false</optionalTarget>
<sourceCardinality>1</sourceCardinality>
<sourceEntity>6A3282B7-DDBD-0EE5-795D-C5AE842A1E41</sourceEntity>
<targetCardinalityString>*</targetCardinalityString>
<targetEntity>54264926-5606-B239-A5BF-364C49DFEDE3</targetEntity>
<transferable>true</transferable>
<deleteRule>NO ACTION</deleteRule>
</Relation>