<?xml version = '1.0' encoding = 'UTF-8'?>
<Relation class="oracle.dbtools.crest.model.design.logical.Relation" name="Relation_5" directorySegmentName="seg_0" id="D841712E-4427-8A2B-F7ED-0840907148C4">
<createdBy>rober</createdBy>
<createdTime>2026-01-24 06:21:44 UTC</createdTime>
<ownerDesignName>s1_roberto_sandoval</ownerDesignName>
<engineerTo>
<item key="46CFDBDD-1B24-F6DC-D28B-2D1CCDC1EA27" value="true"/>
</engineerTo>
<sourcePk>FFFE1481-2DDD-635D-D86A-6B7432530273</sourcePk>
<identifying>false</identifying>
<optionalSource>true</optionalSource>
<optionalTarget>false</optionalTarget>
<sourceCardinality>1</sourceCardinality>
<sourceEntity>828BCD4E-1A9C-CB48-E0DE-715890F4A9F8</sourceEntity>
<targetCardinalityString>*</targetCardinalityString>
<targetEntity>54264926-5606-B239-A5BF-364C49DFEDE3</targetEntity>
<transferable>true</transferable>
<deleteRule>NO ACTION</deleteRule>
</Relation>