<?xml version = '1.0' encoding = 'UTF-8'?>
<InheritanceRelation class="oracle.dbtools.crest.model.design.logical.InheritanceRelation" name="Hierarchy_2" directorySegmentName="seg_0" id="87AE0975-AD47-B665-A295-F4476FB82824">
<createdBy>dragu</createdBy>
<createdTime>2026-02-09 23:35:17 UTC</createdTime>
<ownerDesignName>s5_roberto_sandoval2</ownerDesignName>
<importedID>8063F13A-03AE-1856-DD89-C0301B55339B</importedID>
<engineerTo>
<item key="D7CB63A9-3F32-A980-C58F-7B534D6B4EED" value="true"/>
<item key="46A69366-4F76-E656-EE30-8181757E9797" value="true"/>
</engineerTo>
<identifying>false</identifying>
<nameOnSource>Super Type</nameOnSource>
<nameOnTarget>Sub Type</nameOnTarget>
<optionalSource>true</optionalSource>
<optionalTarget>true</optionalTarget>
<sourceEntity>AA441E29-A39C-2D28-29C8-CF286DFBD7D9</sourceEntity>
<targetEntity>B0FA1B8D-E357-C432-F0D1-484BE1E723A9</targetEntity>
<transferable>true</transferable>
<deleteRule>NO ACTION</deleteRule>
</InheritanceRelation>