<?xml version = '1.0' encoding = 'UTF-8'?>
<FKIndexAssociation class="oracle.dbtools.crest.model.design.relational.FKIndexAssociation" directorySegmentName="seg_0" id="416E4A1E-2BF1-A9BF-44BD-763B462871E6" containerWithKeyObject="D9640BD3-F18A-854C-CA6B-B12AADA4C706" localFKIndex="C3C5A7CA-F3CE-176D-6761-93F09612E9F2" name="RESERVA_EMPLEADO_FK">
<createdBy>rober</createdBy>
<createdTime>2026-01-24 07:13:21 UTC</createdTime>
<generatorID>8A3292A3-8113-77E7-829B-E649ECDC376C</generatorID>
<ownerDesignName>s1_roberto_sandoval</ownerDesignName>
<referredTableLongName>EMPLEADO</referredTableLongName>
<deleteRule>NO ACTION</deleteRule>
<referredTableID>A2160230-7BEE-238A-3158-AF5A29A471BD</referredTableID>
<keyObject>84316568-4C07-9058-72DB-1D87ADB7F519</keyObject>
<referredKeyID>84316568-4C07-9058-72DB-1D87ADB7F519</referredKeyID>
<mandatory>true</mandatory>
<refColNames>rut</refColNames>
<transferable>true</transferable>
<rely>false</rely>
<columnDependencyConstraintGenerateInDDL>true</columnDependencyConstraintGenerateInDDL>
</FKIndexAssociation>