<?xml version = '1.0' encoding = 'UTF-8'?>
<FKIndexAssociation class="oracle.dbtools.crest.model.design.relational.FKIndexAssociation" directorySegmentName="seg_0" id="7F497BE7-1BA6-05F6-7EA0-0F2290520AC0" containerWithKeyObject="D9640BD3-F18A-854C-CA6B-B12AADA4C706" localFKIndex="A17F19E9-7403-29E6-D1AD-64BEB5F162E6" name="RESERVA_VUELO_FK">
<createdBy>rober</createdBy>
<createdTime>2026-01-24 07:13:21 UTC</createdTime>
<generatorID>77C3F12B-BCA0-BAC1-C4EC-DABC4762B18A</generatorID>
<ownerDesignName>s1_roberto_sandoval</ownerDesignName>
<referredTableLongName>VUELO</referredTableLongName>
<deleteRule>NO ACTION</deleteRule>
<referredTableID>FBD7CA3B-2A89-580A-9E69-ED8B88FFF739</referredTableID>
<keyObject>45E372FE-1B64-B78A-9C59-03E2F0877D82</keyObject>
<referredKeyID>45E372FE-1B64-B78A-9C59-03E2F0877D82</referredKeyID>
<mandatory>true</mandatory>
<refColNames>id_vuelo</refColNames>
<transferable>true</transferable>
<rely>false</rely>
<columnDependencyConstraintGenerateInDDL>true</columnDependencyConstraintGenerateInDDL>
</FKIndexAssociation>