<?xml version = '1.0' encoding = 'UTF-8'?>
<FKIndexAssociation class="oracle.dbtools.crest.model.design.relational.FKIndexAssociation" directorySegmentName="seg_0" id="D74586A7-8FA6-BADA-06C2-C3DB4213A1ED" containerWithKeyObject="D9640BD3-F18A-854C-CA6B-B12AADA4C706" localFKIndex="59D95851-78FE-A9D4-9A06-411BEBC7535C" name="RESERVA_PASAJERO_FK">
<createdBy>rober</createdBy>
<createdTime>2026-01-24 07:13:21 UTC</createdTime>
<generatorID>D841712E-4427-8A2B-F7ED-0840907148C4</generatorID>
<ownerDesignName>s1_roberto_sandoval</ownerDesignName>
<referredTableLongName>PASAJERO</referredTableLongName>
<deleteRule>NO ACTION</deleteRule>
<referredTableID>FD463AE0-3335-05D1-7169-9FEB41225B6E</referredTableID>
<keyObject>07D7A35E-D683-52C7-DC3B-FDBAFDC628FD</keyObject>
<referredKeyID>07D7A35E-D683-52C7-DC3B-FDBAFDC628FD</referredKeyID>
<mandatory>true</mandatory>
<refColNames>cedula_identidad</refColNames>
<transferable>true</transferable>
<rely>false</rely>
<columnDependencyConstraintGenerateInDDL>true</columnDependencyConstraintGenerateInDDL>
</FKIndexAssociation>