<?xml version = '1.0' encoding = 'UTF-8'?>
<Diagram class="oracle.dbtools.crest.swingui.relational.DPVRelational" name="Relational_1(2)" id="EAACB4CE-83C8-0013-CD0D-49AD6276B603">
<createdBy>dragu</createdBy>
<modifiedBy>dragu</modifiedBy>
<createdTime>2026-02-09 23:35:17 UTC</createdTime>
<autoRoute>false</autoRoute>
<boxInbox>true</boxInbox>
<showLegend>false</showLegend>
<showLabels>false</showLabels>
<showRelAttributes>false</showRelAttributes>
<gridEnabled>false</gridEnabled>
<showGrid>false</showGrid>
<diagramColor>-1</diagramColor>
<display>false</display>
<notation>1</notation>
<objectViews>
<OView class="oracle.dbtools.crest.swingui.relational.TVTable" oid="0B3C91F6-D169-DEAF-0FAC-9073363C0A6B" otype="Table" vid="B05AA802-D9F3-03A4-AA83-1126029CC615">
<hideElementsInCurrentOnly>false</hideElementsInCurrentOnly>
<bounds x="881" y="197" width="244" height="131"/>
</OView>
<OView class="oracle.dbtools.crest.swingui.relational.TVTable" oid="273EA297-F88F-4B87-BA2E-35250413440F" otype="Table" vid="D3831B00-1422-3DAE-7865-17EC600E236D">
<hideElementsInCurrentOnly>false</hideElementsInCurrentOnly>
<bounds x="34" y="389" width="240" height="84"/>
</OView>
<OView class="oracle.dbtools.crest.swingui.relational.TVTable" oid="3F9A2C63-BBE9-D62E-D6A4-5EE4A710C7C7" otype="Table" vid="CD8B5C82-94D9-D9BC-5211-A81D38C9F97D">
<hideElementsInCurrentOnly>false</hideElementsInCurrentOnly>
<bounds x="1081" y="393" width="146" height="86"/>
</OView>
<OView class="oracle.dbtools.crest.swingui.relational.TVTable" oid="40871A58-F11B-D04C-13EC-AADCB57B9944" otype="Table" vid="5B570DB8-43CD-B5A0-A259-AC83FD332321">
<hideElementsInCurrentOnly>false</hideElementsInCurrentOnly>
<bounds x="325" y="508" width="228" height="84"/>
</OView>
<OView class="oracle.dbtools.crest.swingui.relational.TVTable" oid="41D24E7B-1E4A-E054-692F-336728FFD4EF" otype="Table" vid="4547D441-674D-D6DD-2586-3882F1D6B9A7">
<hideElementsInCurrentOnly>false</hideElementsInCurrentOnly>
<bounds x="754" y="30" width="469" height="110"/>
</OView>
<OView class="oracle.dbtools.crest.swingui.relational.TVTable" oid="4DF99A43-305A-0673-43E8-0C77B3FCCF79" otype="Table" vid="1A0EB7D6-C4A1-9F2E-0B31-E688C91237C1">
<hideElementsInCurrentOnly>false</hideElementsInCurrentOnly>
<bounds x="576" y="587" width="241" height="97"/>
</OView>
<OView class="oracle.dbtools.crest.swingui.relational.TVTable" oid="53D77085-850A-3FC8-DB7B-185EC5F43EE5" otype="Table" vid="0FE9DAF6-35CB-7D32-B57E-83F2004B7D24">
<hideElementsInCurrentOnly>false</hideElementsInCurrentOnly>
<bounds x="307" y="220" width="242" height="89"/>
</OView>
<OView class="oracle.dbtools.crest.swingui.relational.TVTable" oid="65F730B0-7276-0B47-144D-67898B95120A" otype="Table" vid="64555D01-81D9-BBB1-4B85-F88ACDCCADE6">
<hideElementsInCurrentOnly>false</hideElementsInCurrentOnly>
<bounds x="1176" y="206" width="241" height="99"/>
</OView>
<OView class="oracle.dbtools.crest.swingui.relational.TVTable" oid="70B482D8-D23D-1A9C-5816-04E4AEF290A4" otype="Table" vid="1718CEBC-001C-AEF0-6BEC-5A1B0FA0E0C8">
<hideElementsInCurrentOnly>false</hideElementsInCurrentOnly>
<bounds x="1221" y="580" width="145" height="107"/>
</OView>
<OView class="oracle.dbtools.crest.swingui.relational.TVTable" oid="85F16041-8C7C-CDCF-7647-04329FF656E2" otype="Table" vid="1C8C2592-B397-9B96-48D0-A593ED9693A1">
<hideElementsInCurrentOnly>false</hideElementsInCurrentOnly>
<bounds x="606" y="194" width="249" height="149"/>
</OView>
<OView class="oracle.dbtools.crest.swingui.relational.TVTable" oid="8CA4EE4E-FF0C-22F7-826E-C01A0B5ED4C9" otype="Table" vid="D711B623-8E17-3532-4FF3-0D48E0FC3613">
<hideElementsInCurrentOnly>false</hideElementsInCurrentOnly>
<bounds x="316" y="348" width="222" height="71"/>
</OView>
<OView class="oracle.dbtools.crest.swingui.relational.TVTable" oid="94E2BCF8-B08C-ABC6-1518-8B55C13063CF" otype="Table" vid="6E5CFA0B-3B2B-D0BA-DF8D-E36DFBFAC7F8">
<hideElementsInCurrentOnly>false</hideElementsInCurrentOnly>
<bounds x="917" y="556" width="212" height="129"/>
</OView>
<OView class="oracle.dbtools.crest.swingui.relational.TVTable" oid="9AD897A1-5CC6-4638-4529-7782CF09366E" otype="Table" vid="01F0D1B2-6999-F571-40E3-79ECB7752EDD">
<hideElementsInCurrentOnly>false</hideElementsInCurrentOnly>
<bounds x="33" y="608" width="231" height="84"/>
</OView>
<OView class="oracle.dbtools.crest.swingui.relational.TVTable" oid="E3E133B5-6A08-9490-AA15-BF04D9EA679A" otype="Table" vid="1E056A0B-0A36-560B-7E59-0C435D493809">
<hideElementsInCurrentOnly>false</hideElementsInCurrentOnly>
<bounds x="30" y="190" width="222" height="71"/>
</OView>
</objectViews>
<connectors>
<Connector class="oracle.dbtools.crest.swingui.relational.TVFKRelation" oid="09CA831C-1E98-9EC3-CB9E-FBA9850D705E" otype="FKIndexAssociation" vid_source="D711B623-8E17-3532-4FF3-0D48E0FC3613" vid_target="5B570DB8-43CD-B5A0-A259-AC83FD332321">
<hideElementsInCurrentOnly>false</hideElementsInCurrentOnly>
<backgroundColor>-16777216</backgroundColor>
<lineWidth>1</lineWidth>
<points>
<point x="431" y="419"/>
<point x="431" y="508"/>
</points>
</Connector>
<Connector class="oracle.dbtools.crest.swingui.relational.TVFKRelation" oid="16ADC854-C142-0A55-7F40-5E185A05247D" otype="FKIndexAssociation" vid_source="1E056A0B-0A36-560B-7E59-0C435D493809" vid_target="D3831B00-1422-3DAE-7865-17EC600E236D">
<hideElementsInCurrentOnly>false</hideElementsInCurrentOnly>
<backgroundColor>-16777216</backgroundColor>
<lineWidth>1</lineWidth>
<points>
<point x="143" y="261"/>
<point x="143" y="389"/>
</points>
</Connector>
<Connector class="oracle.dbtools.crest.swingui.relational.TVFKRelation" oid="36260DD2-A9C1-C700-2D4B-1F8AFB6BDFEC" otype="FKIndexAssociation" vid_source="B05AA802-D9F3-03A4-AA83-1126029CC615" vid_target="64555D01-81D9-BBB1-4B85-F88ACDCCADE6">
<hideElementsInCurrentOnly>false</hideElementsInCurrentOnly>
<backgroundColor>-16777216</backgroundColor>
<lineWidth>1</lineWidth>
<points>
<point x="1125" y="255"/>
<point x="1176" y="255"/>
</points>
</Connector>
<Connector class="oracle.dbtools.crest.swingui.relational.TVFKRelation" oid="3AFE8FA0-4869-8E39-293E-65599D58B3AF" otype="FKIndexAssociation" vid_source="5B570DB8-43CD-B5A0-A259-AC83FD332321" vid_target="1C8C2592-B397-9B96-48D0-A593ED9693A1">
<hideElementsInCurrentOnly>false</hideElementsInCurrentOnly>
<backgroundColor>-16777216</backgroundColor>
<lineWidth>1</lineWidth>
<points>
<point x="553" y="552"/>
<point x="622" y="552"/>
<point x="622" y="343"/>
</points>
</Connector>
<Connector class="oracle.dbtools.crest.swingui.relational.TVFKRelation" oid="49AEA716-05CC-7787-61DF-BBD8ADAD2B74" otype="FKIndexAssociation" vid_source="1A0EB7D6-C4A1-9F2E-0B31-E688C91237C1" vid_target="1C8C2592-B397-9B96-48D0-A593ED9693A1">
<hideElementsInCurrentOnly>false</hideElementsInCurrentOnly>
<backgroundColor>-16777216</backgroundColor>
<lineWidth>1</lineWidth>
<points>
<point x="711" y="587"/>
<point x="711" y="343"/>
</points>
</Connector>
<Connector class="oracle.dbtools.crest.swingui.relational.TVFKRelation" oid="4A940F76-6430-0927-DB6D-03DD24BF2FE2" otype="FKIndexAssociation" vid_source="1718CEBC-001C-AEF0-6BEC-5A1B0FA0E0C8" vid_target="6E5CFA0B-3B2B-D0BA-DF8D-E36DFBFAC7F8">
<hideElementsInCurrentOnly>false</hideElementsInCurrentOnly>
<backgroundColor>-16777216</backgroundColor>
<lineWidth>1</lineWidth>
<points>
<point x="1221" y="632"/>
<point x="1129" y="632"/>
</points>
</Connector>
<Connector class="oracle.dbtools.crest.swingui.relational.TVFKRelation" oid="518E2580-473F-3BA7-641F-D1EA5BC2EA15" otype="FKIndexAssociation" vid_source="B05AA802-D9F3-03A4-AA83-1126029CC615" vid_target="CD8B5C82-94D9-D9BC-5211-A81D38C9F97D">
<hideElementsInCurrentOnly>false</hideElementsInCurrentOnly>
<backgroundColor>-16777216</backgroundColor>
<lineWidth>1</lineWidth>
<points>
<point x="1103" y="328"/>
<point x="1103" y="393"/>
</points>
</Connector>
<Connector class="oracle.dbtools.crest.swingui.relational.TVFKRelation" oid="7FBFE991-677F-3949-424D-A78F2F238931" otype="FKIndexAssociation" vid_source="1C8C2592-B397-9B96-48D0-A593ED9693A1" vid_target="4547D441-674D-D6DD-2586-3882F1D6B9A7">
<hideElementsInCurrentOnly>false</hideElementsInCurrentOnly>
<backgroundColor>-16777216</backgroundColor>
<lineWidth>1</lineWidth>
<points>
<point x="804" y="194"/>
<point x="804" y="140"/>
</points>
</Connector>
<Connector class="oracle.dbtools.crest.swingui.relational.TVFKRelation" oid="9BEC88BC-B26C-0F7E-F51A-44F7DB095171" otype="FKIndexAssociation" vid_source="D3831B00-1422-3DAE-7865-17EC600E236D" vid_target="01F0D1B2-6999-F571-40E3-79ECB7752EDD">
<hideElementsInCurrentOnly>false</hideElementsInCurrentOnly>
<backgroundColor>-16777216</backgroundColor>
<lineWidth>1</lineWidth>
<points>
<point x="149" y="473"/>
<point x="149" y="608"/>
</points>
</Connector>
<Connector class="oracle.dbtools.crest.swingui.relational.TVFKRelation" oid="A6AAB845-473B-AE7B-28E3-35E85331A090" otype="FKIndexAssociation" vid_source="1A0EB7D6-C4A1-9F2E-0B31-E688C91237C1" vid_target="6E5CFA0B-3B2B-D0BA-DF8D-E36DFBFAC7F8">
<hideElementsInCurrentOnly>false</hideElementsInCurrentOnly>
<backgroundColor>-16777216</backgroundColor>
<lineWidth>1</lineWidth>
<points>
<point x="817" y="635"/>
<point x="917" y="635"/>
</points>
</Connector>
<Connector class="oracle.dbtools.crest.swingui.relational.TVFKRelation" oid="BBA00E84-5BA8-1DA4-4001-4A108401BA7D" otype="FKIndexAssociation" vid_source="B05AA802-D9F3-03A4-AA83-1126029CC615" vid_target="6E5CFA0B-3B2B-D0BA-DF8D-E36DFBFAC7F8">
<hideElementsInCurrentOnly>false</hideElementsInCurrentOnly>
<backgroundColor>-16777216</backgroundColor>
<lineWidth>1</lineWidth>
<points>
<point x="1006" y="328"/>
<point x="1006" y="556"/>
</points>
</Connector>
<Connector class="oracle.dbtools.crest.swingui.relational.TVFKRelation" oid="C6E97694-A9E6-42AE-F428-8EB33FD2272D" otype="FKIndexAssociation" vid_source="B05AA802-D9F3-03A4-AA83-1126029CC615" vid_target="4547D441-674D-D6DD-2586-3882F1D6B9A7">
<hideElementsInCurrentOnly>false</hideElementsInCurrentOnly>
<backgroundColor>-16777216</backgroundColor>
<lineWidth>1</lineWidth>
<points>
<point x="1003" y="197"/>
<point x="1003" y="140"/>
</points>
</Connector>
<Connector class="oracle.dbtools.crest.swingui.relational.TVFKRelation" oid="CC4D492B-1237-398C-F7F6-E5CA5C05B8CE" otype="FKIndexAssociation" vid_source="0FE9DAF6-35CB-7D32-B57E-83F2004B7D24" vid_target="1C8C2592-B397-9B96-48D0-A593ED9693A1">
<hideElementsInCurrentOnly>false</hideElementsInCurrentOnly>
<backgroundColor>-16777216</backgroundColor>
<lineWidth>1</lineWidth>
<points>
<point x="549" y="264"/>
<point x="606" y="264"/>
</points>
</Connector>
<Connector class="oracle.dbtools.crest.swingui.relational.TVFKRelation" oid="F62DDD58-6480-4D5E-3C77-0BB63B552E63" otype="FKIndexAssociation" vid_source="01F0D1B2-6999-F571-40E3-79ECB7752EDD" vid_target="1A0EB7D6-C4A1-9F2E-0B31-E688C91237C1">
<hideElementsInCurrentOnly>false</hideElementsInCurrentOnly>
<backgroundColor>-16777216</backgroundColor>
<lineWidth>1</lineWidth>
<points>
<point x="264" y="646"/>
<point x="576" y="646"/>
</points>
</Connector>
</connectors>
<arcs>
<Arc class="oracle.dbtools.crest.swingui.relational.TVFKArc" oid="B9017A74-3D9A-D2F8-7AF7-C69A39182277" otype="FKArc" vid="45F6C251-C087-4432-793D-ED19282E9F60">
<hideElementsInCurrentOnly>false</hideElementsInCurrentOnly>
<bounds x="861" y="177" width="284" height="171"/>
</Arc>
</arcs>
</Diagram>