<?xml version = '1.0' encoding = 'UTF-8'?>
<FKArc class="oracle.dbtools.crest.model.design.relational.FKArc" directorySegmentName="seg_0" id="B9017A74-3D9A-D2F8-7AF7-C69A39182277" name="FKArc_1">
<createdBy>dragu</createdBy>
<createdTime>2026-02-09 23:35:17 UTC</createdTime>
<ownerDesignName>s5_roberto_sandoval2</ownerDesignName>
<importedID>06976717-667E-F9EF-330B-60403AC7D09C</importedID>
<mandatory>false</mandatory>
<reverseArc>true</reverseArc>
<table>0B3C91F6-D169-DEAF-0FAC-9073363C0A6B</table>
<fkeys>
<fkeyID>36260DD2-A9C1-C700-2D4B-1F8AFB6BDFEC</fkeyID>
<fkeyID>518E2580-473F-3BA7-641F-D1EA5BC2EA15</fkeyID>
</fkeys>
</FKArc>