<?xml version = '1.0' encoding = 'UTF-8'?>
<Diagram class="oracle.dbtools.crest.swingui.relational.DPVRelational" name="Relational_1" id="40AC18DF-DAFF-3781-3E7E-31FDA7C6EC74">
<createdBy>dragu</createdBy>
<modifiedBy>dragu</modifiedBy>
<createdTime>2026-02-09 23:42:57 UTC</createdTime>
<autoRoute>false</autoRoute>
<boxInbox>true</boxInbox>
<showLegend>false</showLegend>
<showLabels>false</showLabels>
<showRelAttributes>false</showRelAttributes>
<gridEnabled>false</gridEnabled>
<showGrid>false</showGrid>
<diagramColor>-1</diagramColor>
<display>false</display>
<notation>1</notation>
<objectViews>
<OView class="oracle.dbtools.crest.swingui.relational.TVTable" oid="1350FD2E-EAEF-0372-BB29-56A4CA67F146" otype="Table" vid="431F8995-A34C-D620-76EC-69887BA06594">
<hideElementsInCurrentOnly>false</hideElementsInCurrentOnly>
<bounds x="1354" y="374" width="265" height="192"/>
</OView>
<OView class="oracle.dbtools.crest.swingui.relational.TVTable" oid="1D9E0157-BEFB-8E6D-FA04-7D6263B72BA5" otype="Table" vid="2B2C8218-A49D-0025-014F-97DB7D1FD350">
<hideElementsInCurrentOnly>false</hideElementsInCurrentOnly>
<bounds x="657" y="309" width="332" height="206"/>
</OView>
<OView class="oracle.dbtools.crest.swingui.relational.TVTable" oid="28EFE78A-BBED-D12D-3812-81FD556CB687" otype="Table" vid="B02ED384-E535-B44B-4538-BCBF2E416D7F">
<hideElementsInCurrentOnly>false</hideElementsInCurrentOnly>
<bounds x="648" y="645" width="281" height="122"/>
</OView>
<OView class="oracle.dbtools.crest.swingui.relational.TVTable" oid="31E123A4-AA2B-71C3-8EF9-832DB32758B6" otype="Table" vid="CEDA7EBF-2E64-9D1F-3600-4DEFA79BFF4E">
<hideElementsInCurrentOnly>false</hideElementsInCurrentOnly>
<bounds x="463" y="155" width="247" height="88"/>
</OView>
<OView class="oracle.dbtools.crest.swingui.relational.TVTable" oid="38512142-B18E-3192-83D9-4CBABA28A570" otype="Table" vid="19CB9EAD-BD2D-E8D3-966B-7FB74E5F99E0">
<hideElementsInCurrentOnly>false</hideElementsInCurrentOnly>
<bounds x="988" y="584" width="328" height="220"/>
</OView>
<OView class="oracle.dbtools.crest.swingui.relational.TVTable" oid="55999B2D-EA14-697C-802E-58862392E148" otype="Table" vid="F810122C-3836-4F6C-A1D2-303808D2002B">
<hideElementsInCurrentOnly>false</hideElementsInCurrentOnly>
<bounds x="285" y="659" width="304" height="108"/>
</OView>
<OView class="oracle.dbtools.crest.swingui.relational.TVTable" oid="607F338D-825A-FC2F-56D5-10109B4D082C" otype="Table" vid="98322B36-08E3-E5F5-46B1-027B6DE8F8FE">
<hideElementsInCurrentOnly>false</hideElementsInCurrentOnly>
<bounds x="1030" y="317" width="237" height="102"/>
</OView>
<OView class="oracle.dbtools.crest.swingui.relational.TVTable" oid="7083438F-B687-4040-AC40-6DC70E0B72F3" otype="Table" vid="7049A6C1-A3C7-B557-CEDA-201B0CDF0556">
<hideElementsInCurrentOnly>false</hideElementsInCurrentOnly>
<bounds x="329" y="486" width="267" height="108"/>
</OView>
<OView class="oracle.dbtools.crest.swingui.relational.TVTable" oid="8AEF5B9C-567A-4F1F-22D7-7C2ABF3C25C7" otype="Table" vid="370E6C4B-6E89-5D2C-D65C-C7BD4448D8D2">
<hideElementsInCurrentOnly>false</hideElementsInCurrentOnly>
<bounds x="1359" y="171" width="266" height="178"/>
</OView>
<OView class="oracle.dbtools.crest.swingui.relational.TVTable" oid="90A7A192-BAEB-F842-A542-C1ED57134B56" otype="Table" vid="C71F192B-450F-0B5B-FC1E-6E446D9951DB">
<hideElementsInCurrentOnly>false</hideElementsInCurrentOnly>
<bounds x="1362" y="581" width="242" height="130"/>
</OView>
<OView class="oracle.dbtools.crest.swingui.relational.TVTable" oid="ADE2D021-53A8-8BB7-A815-C2C071DE143D" otype="Table" vid="2F93E325-2E30-4151-65B4-F927E455B73C">
<hideElementsInCurrentOnly>false</hideElementsInCurrentOnly>
<bounds x="27" y="350" width="223" height="74"/>
</OView>
<OView class="oracle.dbtools.crest.swingui.relational.TVTable" oid="D9CF534F-BAEF-4E4D-8DD6-BCAFAFECC7DC" otype="Table" vid="24669B74-8CD4-CD43-9F7E-08DECFAA4235">
<hideElementsInCurrentOnly>false</hideElementsInCurrentOnly>
<bounds x="348" y="326" width="247" height="108"/>
</OView>
<OView class="oracle.dbtools.crest.swingui.relational.TVTable" oid="F06CF74C-A6FA-BDA6-0A97-BED9AC5D2C9A" otype="Table" vid="69503A66-1891-FC47-CB24-EB4919153DCA">
<hideElementsInCurrentOnly>false</hideElementsInCurrentOnly>
<bounds x="26" y="516" width="226" height="74"/>
</OView>
<OView class="oracle.dbtools.crest.swingui.relational.TVTable" oid="F43EAB61-AACC-2363-2B73-4EA5BCD74375" otype="Table" vid="3879C8E1-C9B8-84BA-E66A-A3C721AB6EFB">
<hideElementsInCurrentOnly>false</hideElementsInCurrentOnly>
<bounds x="780" y="128" width="510" height="122"/>
</OView>
</objectViews>
<connectors>
<Connector class="oracle.dbtools.crest.swingui.relational.TVFKRelation" oid="0196FF88-792E-8E45-9BE4-3E326DB96386" otype="FKIndexAssociation" vid_source="98322B36-08E3-E5F5-46B1-027B6DE8F8FE" vid_target="370E6C4B-6E89-5D2C-D65C-C7BD4448D8D2">
<hideElementsInCurrentOnly>false</hideElementsInCurrentOnly>
<backgroundColor>-16777216</backgroundColor>
<lineWidth>1</lineWidth>
<points>
<point x="1267" y="333"/>
<point x="1359" y="333"/>
</points>
</Connector>
<Connector class="oracle.dbtools.crest.swingui.relational.TVFKRelation" oid="0E659A78-C0AC-0F21-2D2B-CD5700A9359B" otype="FKIndexAssociation" vid_source="B02ED384-E535-B44B-4538-BCBF2E416D7F" vid_target="19CB9EAD-BD2D-E8D3-966B-7FB74E5F99E0">
<hideElementsInCurrentOnly>false</hideElementsInCurrentOnly>
<backgroundColor>-16777216</backgroundColor>
<lineWidth>1</lineWidth>
<points>
<point x="929" y="706"/>
<point x="988" y="706"/>
</points>
</Connector>
<Connector class="oracle.dbtools.crest.swingui.relational.TVFKRelation" oid="11E4F279-7834-E457-EAF8-335B5FE17578" otype="FKIndexAssociation" vid_source="C71F192B-450F-0B5B-FC1E-6E446D9951DB" vid_target="19CB9EAD-BD2D-E8D3-966B-7FB74E5F99E0">
<hideElementsInCurrentOnly>false</hideElementsInCurrentOnly>
<backgroundColor>-16777216</backgroundColor>
<lineWidth>1</lineWidth>
<points>
<point x="1362" y="647"/>
<point x="1316" y="647"/>
</points>
</Connector>
<Connector class="oracle.dbtools.crest.swingui.relational.TVFKRelation" oid="1C085E87-F3D1-6BD7-D60B-88A2E106202C" otype="FKIndexAssociation" vid_source="98322B36-08E3-E5F5-46B1-027B6DE8F8FE" vid_target="19CB9EAD-BD2D-E8D3-966B-7FB74E5F99E0">
<hideElementsInCurrentOnly>false</hideElementsInCurrentOnly>
<backgroundColor>-16777216</backgroundColor>
<lineWidth>1</lineWidth>
<points>
<point x="1106" y="419"/>
<point x="1106" y="584"/>
</points>
</Connector>
<Connector class="oracle.dbtools.crest.swingui.relational.TVFKRelation" oid="1E2BBBFB-3B95-284E-C2E6-0F39D2EF161B" otype="FKIndexAssociation" vid_source="98322B36-08E3-E5F5-46B1-027B6DE8F8FE" vid_target="431F8995-A34C-D620-76EC-69887BA06594">
<hideElementsInCurrentOnly>false</hideElementsInCurrentOnly>
<backgroundColor>-16777216</backgroundColor>
<lineWidth>1</lineWidth>
<points>
<point x="1267" y="396"/>
<point x="1354" y="396"/>
</points>
</Connector>
<Connector class="oracle.dbtools.crest.swingui.relational.TVFKRelation" oid="270B29D8-9DA4-A0CC-7812-7CC073BA49DB" otype="FKIndexAssociation" vid_source="69503A66-1891-FC47-CB24-EB4919153DCA" vid_target="7049A6C1-A3C7-B557-CEDA-201B0CDF0556">
<hideElementsInCurrentOnly>false</hideElementsInCurrentOnly>
<backgroundColor>-16777216</backgroundColor>
<lineWidth>1</lineWidth>
<points>
<point x="252" y="568"/>
<point x="329" y="568"/>
</points>
</Connector>
<Connector class="oracle.dbtools.crest.swingui.relational.TVFKRelation" oid="3852131D-F2ED-9A2E-2DAE-11698EC9AD11" otype="FKIndexAssociation" vid_source="98322B36-08E3-E5F5-46B1-027B6DE8F8FE" vid_target="3879C8E1-C9B8-84BA-E66A-A3C721AB6EFB">
<hideElementsInCurrentOnly>false</hideElementsInCurrentOnly>
<backgroundColor>-16777216</backgroundColor>
<lineWidth>1</lineWidth>
<points>
<point x="1148" y="317"/>
<point x="1148" y="250"/>
</points>
</Connector>
<Connector class="oracle.dbtools.crest.swingui.relational.TVFKRelation" oid="3E5897AE-7D66-DEB6-C879-5BC4F3984F6B" otype="FKIndexAssociation" vid_source="7049A6C1-A3C7-B557-CEDA-201B0CDF0556" vid_target="F810122C-3836-4F6C-A1D2-303808D2002B">
<hideElementsInCurrentOnly>false</hideElementsInCurrentOnly>
<backgroundColor>-16777216</backgroundColor>
<lineWidth>1</lineWidth>
<points>
<point x="459" y="594"/>
<point x="459" y="659"/>
</points>
</Connector>
<Connector class="oracle.dbtools.crest.swingui.relational.TVFKRelation" oid="64D79DB8-4F6F-C139-3D38-E4AE685CC9EF" otype="FKIndexAssociation" vid_source="CEDA7EBF-2E64-9D1F-3600-4DEFA79BFF4E" vid_target="2B2C8218-A49D-0025-014F-97DB7D1FD350">
<hideElementsInCurrentOnly>false</hideElementsInCurrentOnly>
<backgroundColor>-16777216</backgroundColor>
<lineWidth>1</lineWidth>
<points>
<point x="683" y="243"/>
<point x="683" y="309"/>
</points>
</Connector>
<Connector class="oracle.dbtools.crest.swingui.relational.TVFKRelation" oid="C6C9F036-72CE-2B0D-EDB1-5C72E421BE79" otype="FKIndexAssociation" vid_source="B02ED384-E535-B44B-4538-BCBF2E416D7F" vid_target="2B2C8218-A49D-0025-014F-97DB7D1FD350">
<hideElementsInCurrentOnly>false</hideElementsInCurrentOnly>
<backgroundColor>-16777216</backgroundColor>
<lineWidth>1</lineWidth>
<points>
<point x="793" y="645"/>
<point x="793" y="515"/>
</points>
</Connector>
<Connector class="oracle.dbtools.crest.swingui.relational.TVFKRelation" oid="D7C7275E-7C45-AE1D-BF83-67E0FC292189" otype="FKIndexAssociation" vid_source="24669B74-8CD4-CD43-9F7E-08DECFAA4235" vid_target="2B2C8218-A49D-0025-014F-97DB7D1FD350">
<hideElementsInCurrentOnly>false</hideElementsInCurrentOnly>
<backgroundColor>-16777216</backgroundColor>
<lineWidth>1</lineWidth>
<points>
<point x="595" y="380"/>
<point x="657" y="380"/>
</points>
</Connector>
<Connector class="oracle.dbtools.crest.swingui.relational.TVFKRelation" oid="DA540F49-BEB3-3845-B1DA-EA31F8517F40" otype="FKIndexAssociation" vid_source="2B2C8218-A49D-0025-014F-97DB7D1FD350" vid_target="3879C8E1-C9B8-84BA-E66A-A3C721AB6EFB">
<hideElementsInCurrentOnly>false</hideElementsInCurrentOnly>
<backgroundColor>-16777216</backgroundColor>
<lineWidth>1</lineWidth>
<points>
<point x="884" y="309"/>
<point x="884" y="250"/>
</points>
</Connector>
<Connector class="oracle.dbtools.crest.swingui.relational.TVFKRelation" oid="DB813022-44C4-F31B-4E6F-F299287C615F" otype="FKIndexAssociation" vid_source="F810122C-3836-4F6C-A1D2-303808D2002B" vid_target="B02ED384-E535-B44B-4538-BCBF2E416D7F">
<hideElementsInCurrentOnly>false</hideElementsInCurrentOnly>
<backgroundColor>-16777216</backgroundColor>
<lineWidth>1</lineWidth>
<points>
<point x="589" y="713"/>
<point x="648" y="713"/>
</points>
</Connector>
<Connector class="oracle.dbtools.crest.swingui.relational.TVFKRelation" oid="FB84E89C-98EF-AD33-8FC5-4F0ADCD8560A" otype="FKIndexAssociation" vid_source="2F93E325-2E30-4151-65B4-F927E455B73C" vid_target="24669B74-8CD4-CD43-9F7E-08DECFAA4235">
<hideElementsInCurrentOnly>false</hideElementsInCurrentOnly>
<backgroundColor>-16777216</backgroundColor>
<lineWidth>1</lineWidth>
<points>
<point x="250" y="387"/>
<point x="348" y="387"/>
</points>
</Connector>
</connectors>
<arcs>
<Arc class="oracle.dbtools.crest.swingui.relational.TVFKArc" oid="B64628A6-37B7-F813-87AC-48386953A865" otype="FKArc" vid="BFCCEFAD-ED8B-97AB-3A9F-D263926E3308">
<hideElementsInCurrentOnly>false</hideElementsInCurrentOnly>
<bounds x="1010" y="297" width="277" height="142"/>
</Arc>
</arcs>
</Diagram>