<?xml version = '1.0' encoding = 'UTF-8'?>
<Entity class="oracle.dbtools.crest.model.design.logical.Entity" directorySegmentName="seg_0" id="5713E35D-C978-9414-B469-FD8287569530" name="COMUNA">
<createdBy>dragu</createdBy>
<createdTime>2026-02-09 23:35:17 UTC</createdTime>
<ownerDesignName>s5_roberto_sandoval</ownerDesignName>
<importedID>5DB1F50A-AB9E-DC71-E56E-576BD0B4DAA1</importedID>
<engineerTo>
<item key="D7CB63A9-3F32-A980-C58F-7B534D6B4EED" value="true"/>
<item key="46A69366-4F76-E656-EE30-8181757E9797" value="true"/>
</engineerTo>
<adequatelyNormalized>NO</adequatelyNormalized>
<expectedVolumes>0</expectedVolumes>
<fwdEngineeringStrategyName>Single Table</fwdEngineeringStrategyName>
<growthPercent>0</growthPercent>
<growthType>Year</growthType>
<maxVolumes>9999999</maxVolumes>
<minVolumes>0</minVolumes>
<normalForm>Third</normalForm>
<attributes itemClass="oracle.dbtools.crest.model.design.logical.Attribute">
<Attribute name="ID_COMUNA" id="2E37DE20-A1CA-2584-8A12-56E815379BC8">
<createdBy>dragu</createdBy>
<createdTime>2026-02-09 23:35:17 UTC</createdTime>
<ownerDesignName>s5_roberto_sandoval</ownerDesignName>
<importedID>236D6885-1051-534E-40B9-C6DF5F6378BB</importedID>
<engineerTo>
<item key="D7CB63A9-3F32-A980-C58F-7B534D6B4EED" value="true"/>
<item key="46A69366-4F76-E656-EE30-8181757E9797" value="true"/>
</engineerTo>
<useDomainConstraints>false</useDomainConstraints>
<use>1</use>
<logicalDatatype>LOGDT019</logicalDatatype>
<dataTypePrecision>10</dataTypePrecision>
<ownDataTypeParameters>,10,</ownDataTypeParameters>
</Attribute>
<Attribute name="NOMBRE_COMUNA" id="8D0DA5A1-E8D7-891D-4EBF-F19F7B47DAF4">
<createdBy>dragu</createdBy>
<createdTime>2026-02-09 23:35:17 UTC</createdTime>
<ownerDesignName>s5_roberto_sandoval</ownerDesignName>
<importedID>06FA6920-FDBB-55A1-3358-E4F84A05AD1A</importedID>
<engineerTo>
<item key="D7CB63A9-3F32-A980-C58F-7B534D6B4EED" value="true"/>
<item key="46A69366-4F76-E656-EE30-8181757E9797" value="true"/>
</engineerTo>
<useDomainConstraints>false</useDomainConstraints>
<use>1</use>
<logicalDatatype>LOGDT024</logicalDatatype>
<dataTypeSize>50</dataTypeSize>
<ownDataTypeParameters>50,,</ownDataTypeParameters>
</Attribute>
<Attribute name="ID_PROVINCIA" id="6C6469EC-B627-7132-A4AD-886A78F22185">
<createdBy>dragu</createdBy>
<createdTime>2026-02-09 23:35:17 UTC</createdTime>
<generatorID>F745381E-FF7D-405F-12AD-BA25A9BD1EB9</generatorID>
<ownerDesignName>s5_roberto_sandoval</ownerDesignName>
<importedID>CB907272-7D18-A417-834C-53626668C90D</importedID>
<engineerTo>
<item key="D7CB63A9-3F32-A980-C58F-7B534D6B4EED" value="true"/>
<item key="46A69366-4F76-E656-EE30-8181757E9797" value="true"/>
</engineerTo>
<nullsAllowed>true</nullsAllowed>
<referedAttribute>499AEB8C-1C18-A47C-C666-F8F33E636BA6</referedAttribute>
<useDomainConstraints>false</useDomainConstraints>
<use>1</use>
<logicalDatatype>LOGDT019</logicalDatatype>
<dataTypePrecision>10</dataTypePrecision>
<ownDataTypeParameters>,10,</ownDataTypeParameters>
</Attribute>
</attributes>
<identifiers itemClass="oracle.dbtools.crest.model.design.logical.CandidateKey">
<identifier id="39037E29-4932-F380-21AF-59392801BBCD" name="COMUNA PK">
<createdBy>dragu</createdBy>
<createdTime>2026-02-09 23:35:17 UTC</createdTime>
<ownerDesignName>s5_roberto_sandoval</ownerDesignName>
<shouldEngineer>false</shouldEngineer>
<importedID>BD9E1CA5-A133-166B-280F-B5E7BD7B7E05</importedID>
<engineerTo>
<item key="D7CB63A9-3F32-A980-C58F-7B534D6B4EED" value="true"/>
<item key="46A69366-4F76-E656-EE30-8181757E9797" value="false"/>
</engineerTo>
<pk>true</pk>
<usedAttributes>
<attributeRef>2E37DE20-A1CA-2584-8A12-56E815379BC8</attributeRef>
</usedAttributes>
</identifier>
</identifiers>
</Entity>