<?xml version = '1.0' encoding = 'UTF-8'?>
<Entity class="oracle.dbtools.crest.model.design.logical.Entity" directorySegmentName="seg_0" id="981CF170-3E3D-6EFE-ACFA-308B7B3A3FCE" name="PERSONA">
<createdBy>dragu</createdBy>
<createdTime>2026-02-09 23:35:17 UTC</createdTime>
<ownerDesignName>s5_roberto_sandoval</ownerDesignName>
<importedID>020AA8A0-6643-43C9-61A8-0AD564C45DF1</importedID>
<engineerTo>
<item key="D7CB63A9-3F32-A980-C58F-7B534D6B4EED" value="true"/>
<item key="46A69366-4F76-E656-EE30-8181757E9797" value="true"/>
</engineerTo>
<adequatelyNormalized>NO</adequatelyNormalized>
<expectedVolumes>0</expectedVolumes>
<fwdEngineeringStrategyName>Single Table</fwdEngineeringStrategyName>
<growthPercent>0</growthPercent>
<growthType>Year</growthType>
<hierarchicalParent>AA441E29-A39C-2D28-29C8-CF286DFBD7D9</hierarchicalParent>
<maxVolumes>9999999</maxVolumes>
<minVolumes>0</minVolumes>
<normalForm>Third</normalForm>
<attributes itemClass="oracle.dbtools.crest.model.design.logical.Attribute">
<Attribute name="RUT_PERSONA" id="9085DFFE-0A72-6B88-DB76-5F55CE1897C9">
<createdBy>dragu</createdBy>
<createdTime>2026-02-09 23:35:17 UTC</createdTime>
<ownerDesignName>s5_roberto_sandoval</ownerDesignName>
<importedID>B9F8605D-515B-9F4F-3336-A14C85901F30</importedID>
<engineerTo>
<item key="D7CB63A9-3F32-A980-C58F-7B534D6B4EED" value="true"/>
<item key="46A69366-4F76-E656-EE30-8181757E9797" value="true"/>
</engineerTo>
<useDomainConstraints>false</useDomainConstraints>
<use>1</use>
<logicalDatatype>LOGDT024</logicalDatatype>
<dataTypeSize>12</dataTypeSize>
<ownDataTypeParameters>12,,</ownDataTypeParameters>
</Attribute>
<Attribute name="NOMBRE" id="77DF6AAB-C847-4E0C-8983-CE525202A5CF">
<createdBy>dragu</createdBy>
<createdTime>2026-02-09 23:35:17 UTC</createdTime>
<ownerDesignName>s5_roberto_sandoval</ownerDesignName>
<importedID>727795A6-E79E-B383-A43E-F684CEF43DFE</importedID>
<engineerTo>
<item key="D7CB63A9-3F32-A980-C58F-7B534D6B4EED" value="true"/>
<item key="46A69366-4F76-E656-EE30-8181757E9797" value="true"/>
</engineerTo>
<useDomainConstraints>false</useDomainConstraints>
<use>1</use>
<logicalDatatype>LOGDT024</logicalDatatype>
<dataTypeSize>50</dataTypeSize>
<ownDataTypeParameters>50,,</ownDataTypeParameters>
</Attribute>
<Attribute name="APELLIDO_PATERNO" id="74210A15-A4A1-1EB5-5CF4-662948963ABB">
<createdBy>dragu</createdBy>
<createdTime>2026-02-09 23:35:17 UTC</createdTime>
<ownerDesignName>s5_roberto_sandoval</ownerDesignName>
<importedID>2321DFEC-6D8D-21A2-EFD0-7992A603D212</importedID>
<engineerTo>
<item key="D7CB63A9-3F32-A980-C58F-7B534D6B4EED" value="true"/>
<item key="46A69366-4F76-E656-EE30-8181757E9797" value="true"/>
</engineerTo>
<useDomainConstraints>false</useDomainConstraints>
<use>1</use>
<logicalDatatype>LOGDT024</logicalDatatype>
<dataTypeSize>50</dataTypeSize>
<ownDataTypeParameters>50,,</ownDataTypeParameters>
</Attribute>
<Attribute name="APELLIDO_MATERNO" id="2F3636D0-30A4-8596-94C0-7F4D5B936F24">
<createdBy>dragu</createdBy>
<createdTime>2026-02-09 23:35:17 UTC</createdTime>
<ownerDesignName>s5_roberto_sandoval</ownerDesignName>
<importedID>33F2065A-26D6-8940-759D-D722CDA5B7AA</importedID>
<engineerTo>
<item key="D7CB63A9-3F32-A980-C58F-7B534D6B4EED" value="true"/>
<item key="46A69366-4F76-E656-EE30-8181757E9797" value="true"/>
</engineerTo>
<useDomainConstraints>false</useDomainConstraints>
<use>1</use>
<logicalDatatype>LOGDT024</logicalDatatype>
<dataTypeSize>50</dataTypeSize>
<ownDataTypeParameters>50,,</ownDataTypeParameters>
</Attribute>
</attributes>
<identifiers itemClass="oracle.dbtools.crest.model.design.logical.CandidateKey">
<identifier id="69A32CC8-4613-220C-3503-A9FACF856A5D" name="PERSONA PK">
<createdBy>dragu</createdBy>
<createdTime>2026-02-09 23:35:17 UTC</createdTime>
<ownerDesignName>s5_roberto_sandoval</ownerDesignName>
<importedID>D0062778-2233-894C-914A-D2218255A058</importedID>
<engineerTo>
<item key="D7CB63A9-3F32-A980-C58F-7B534D6B4EED" value="true"/>
<item key="46A69366-4F76-E656-EE30-8181757E9797" value="true"/>
</engineerTo>
<pk>true</pk>
<usedAttributes>
<attributeRef>9085DFFE-0A72-6B88-DB76-5F55CE1897C9</attributeRef>
</usedAttributes>
</identifier>
</identifiers>
</Entity>