<?xml version = '1.0' encoding = 'UTF-8'?>
<Entity class="oracle.dbtools.crest.model.design.logical.Entity" directorySegmentName="seg_0" id="E8E007FF-A9C7-7C9D-5234-25DD1E90C8A0" name="PRODUCTO">
<createdBy>dragu</createdBy>
<createdTime>2026-02-09 23:35:17 UTC</createdTime>
<ownerDesignName>s5_roberto_sandoval</ownerDesignName>
<importedID>2AF363CC-B846-3C77-2B4A-27D9691A8414</importedID>
<engineerTo>
<item key="D7CB63A9-3F32-A980-C58F-7B534D6B4EED" value="true"/>
<item key="46A69366-4F76-E656-EE30-8181757E9797" value="true"/>
</engineerTo>
<adequatelyNormalized>NO</adequatelyNormalized>
<expectedVolumes>0</expectedVolumes>
<fwdEngineeringStrategyName>Single Table</fwdEngineeringStrategyName>
<growthPercent>0</growthPercent>
<growthType>Year</growthType>
<maxVolumes>9999999</maxVolumes>
<minVolumes>0</minVolumes>
<normalForm>Third</normalForm>
<attributes itemClass="oracle.dbtools.crest.model.design.logical.Attribute">
<Attribute name="ID_PRODUCTO" id="9C0B4263-B7DF-0AEC-B867-DF19CE501FF2">
<createdBy>dragu</createdBy>
<createdTime>2026-02-09 23:35:17 UTC</createdTime>
<ownerDesignName>s5_roberto_sandoval</ownerDesignName>
<importedID>8695603D-A868-A85D-50B6-7274BB92D49A</importedID>
<engineerTo>
<item key="D7CB63A9-3F32-A980-C58F-7B534D6B4EED" value="true"/>
<item key="46A69366-4F76-E656-EE30-8181757E9797" value="true"/>
</engineerTo>
<useDomainConstraints>false</useDomainConstraints>
<use>1</use>
<logicalDatatype>LOGDT019</logicalDatatype>
<dataTypePrecision>10</dataTypePrecision>
<ownDataTypeParameters>,10,</ownDataTypeParameters>
</Attribute>
<Attribute name="NOMBRE_PRODUCTO" id="9AFB004B-D918-7708-FF31-98D9B562EADD">
<createdBy>dragu</createdBy>
<createdTime>2026-02-09 23:35:17 UTC</createdTime>
<ownerDesignName>s5_roberto_sandoval</ownerDesignName>
<importedID>AC1CAD8F-E612-6630-3751-ECB649E52864</importedID>
<engineerTo>
<item key="D7CB63A9-3F32-A980-C58F-7B534D6B4EED" value="true"/>
<item key="46A69366-4F76-E656-EE30-8181757E9797" value="true"/>
</engineerTo>
<useDomainConstraints>false</useDomainConstraints>
<use>1</use>
<logicalDatatype>LOGDT024</logicalDatatype>
<dataTypeSize>100</dataTypeSize>
<ownDataTypeParameters>100,,</ownDataTypeParameters>
</Attribute>
<Attribute name="DESCRIPCION" id="CD68124D-EC2C-8A97-698A-7FF872B86321">
<createdBy>dragu</createdBy>
<createdTime>2026-02-09 23:35:17 UTC</createdTime>
<ownerDesignName>s5_roberto_sandoval</ownerDesignName>
<importedID>E0E6B081-485C-FCA7-395A-BFFBA302BEF3</importedID>
<engineerTo>
<item key="D7CB63A9-3F32-A980-C58F-7B534D6B4EED" value="true"/>
<item key="46A69366-4F76-E656-EE30-8181757E9797" value="true"/>
</engineerTo>
<nullsAllowed>true</nullsAllowed>
<useDomainConstraints>false</useDomainConstraints>
<use>1</use>
<logicalDatatype>LOGDT024</logicalDatatype>
<dataTypeSize>255</dataTypeSize>
<ownDataTypeParameters>255,,</ownDataTypeParameters>
</Attribute>
<Attribute name="PRECIO_UNITARIO" id="6992E64D-149C-C1AE-3D8D-852C1A79AFB9">
<createdBy>dragu</createdBy>
<createdTime>2026-02-09 23:35:17 UTC</createdTime>
<ownerDesignName>s5_roberto_sandoval</ownerDesignName>
<importedID>59876B59-769F-FB19-3C83-5C2B54115F7D</importedID>
<engineerTo>
<item key="D7CB63A9-3F32-A980-C58F-7B534D6B4EED" value="true"/>
<item key="46A69366-4F76-E656-EE30-8181757E9797" value="true"/>
</engineerTo>
<useDomainConstraints>false</useDomainConstraints>
<use>1</use>
<logicalDatatype>LOGDT019</logicalDatatype>
<dataTypePrecision>10</dataTypePrecision>
<ownDataTypeParameters>,10,</ownDataTypeParameters>
</Attribute>
<Attribute name="ID_CATEGORIA" id="93C9F1D9-0CC0-CBA7-B47C-38B0AE7D2414">
<createdBy>dragu</createdBy>
<createdTime>2026-02-09 23:35:17 UTC</createdTime>
<generatorID>B7233889-F61C-D338-1E73-55217D734303</generatorID>
<ownerDesignName>s5_roberto_sandoval</ownerDesignName>
<importedID>8CD87998-154A-F062-C7FC-812DC784EEAD</importedID>
<engineerTo>
<item key="D7CB63A9-3F32-A980-C58F-7B534D6B4EED" value="true"/>
<item key="46A69366-4F76-E656-EE30-8181757E9797" value="true"/>
</engineerTo>
<referedAttribute>7EC64195-687D-52DF-A844-7E7C5E539CB7</referedAttribute>
<useDomainConstraints>false</useDomainConstraints>
<use>1</use>
<logicalDatatype>LOGDT019</logicalDatatype>
<dataTypePrecision>10</dataTypePrecision>
<ownDataTypeParameters>,10,</ownDataTypeParameters>
</Attribute>
<Attribute name="ID_MODELO" id="00D514F3-296E-3845-7E89-403A6A813793">
<createdBy>dragu</createdBy>
<createdTime>2026-02-09 23:35:17 UTC</createdTime>
<generatorID>E1DE4FF8-C77A-A4BC-D7F7-0477952CD27F</generatorID>
<ownerDesignName>s5_roberto_sandoval</ownerDesignName>
<importedID>DD68D334-4FBF-0B7B-AB63-8AF9B054476E</importedID>
<engineerTo>
<item key="D7CB63A9-3F32-A980-C58F-7B534D6B4EED" value="true"/>
<item key="46A69366-4F76-E656-EE30-8181757E9797" value="true"/>
</engineerTo>
<referedAttribute>91603D01-2AB9-D607-87C1-EC59CDE4A8C4</referedAttribute>
<useDomainConstraints>false</useDomainConstraints>
<use>1</use>
<logicalDatatype>LOGDT019</logicalDatatype>
<dataTypePrecision>10</dataTypePrecision>
<ownDataTypeParameters>,10,</ownDataTypeParameters>
</Attribute>
<Attribute name="ID_SUCURSAL" id="E919884E-FC08-11C7-F42B-A4ED6070E859">
<createdBy>dragu</createdBy>
<createdTime>2026-02-09 23:35:17 UTC</createdTime>
<generatorID>688DF515-9E69-C133-CAE5-CD8DD09607CD</generatorID>
<ownerDesignName>s5_roberto_sandoval</ownerDesignName>
<importedID>06F7376E-9C1D-2BB5-AABB-12ABB91DBFE4</importedID>
<engineerTo>
<item key="D7CB63A9-3F32-A980-C58F-7B534D6B4EED" value="true"/>
<item key="46A69366-4F76-E656-EE30-8181757E9797" value="true"/>
</engineerTo>
<nullsAllowed>true</nullsAllowed>
<referedAttribute>FE98AF40-1D42-7A29-DBB3-7E8386555BD0</referedAttribute>
<useDomainConstraints>false</useDomainConstraints>
<use>1</use>
<logicalDatatype>LOGDT019</logicalDatatype>
<dataTypePrecision>10</dataTypePrecision>
<ownDataTypeParameters>,10,</ownDataTypeParameters>
</Attribute>
<Attribute name="FECHA_VENCIMIENTO" id="B21932BC-B10A-4B45-4CE4-D4CE32A0D873">
<createdBy>dragu</createdBy>
<createdTime>2026-02-09 23:35:17 UTC</createdTime>
<ownerDesignName>s5_roberto_sandoval</ownerDesignName>
<importedID>EF7DCE78-33CB-A939-FC59-40A9E5DDD8A8</importedID>
<engineerTo>
<item key="D7CB63A9-3F32-A980-C58F-7B534D6B4EED" value="true"/>
<item key="46A69366-4F76-E656-EE30-8181757E9797" value="true"/>
</engineerTo>
<nullsAllowed>true</nullsAllowed>
<useDomainConstraints>false</useDomainConstraints>
<use>1</use>
<logicalDatatype>LOGDT007</logicalDatatype>
<ownDataTypeParameters>,,</ownDataTypeParameters>
</Attribute>
</attributes>
<identifiers itemClass="oracle.dbtools.crest.model.design.logical.CandidateKey">
<identifier id="94350176-B3AD-3B7E-7210-1EC2E83CABA2" name="PRODUCTO PK">
<createdBy>dragu</createdBy>
<createdTime>2026-02-09 23:35:17 UTC</createdTime>
<ownerDesignName>s5_roberto_sandoval</ownerDesignName>
<shouldEngineer>false</shouldEngineer>
<importedID>BE74D54B-BADA-5DC3-AFD0-CC4D0D7F1361</importedID>
<engineerTo>
<item key="D7CB63A9-3F32-A980-C58F-7B534D6B4EED" value="true"/>
<item key="46A69366-4F76-E656-EE30-8181757E9797" value="false"/>
</engineerTo>
<pk>true</pk>
<usedAttributes>
<attributeRef>9C0B4263-B7DF-0AEC-B867-DF19CE501FF2</attributeRef>
</usedAttributes>
</identifier>
</identifiers>
</Entity>